file_name,row_index,col_index,AWS_Value,Manual_Value,Equal,Confidence_Value
padded_cdi_ca_1956_wk_prov_dbs_Part27_tables.csv,0,0,1,1,False,73.24
padded_cdi_ca_1956_wk_prov_dbs_Part27_tables.csv,0,1,Chickenpox,Chickenpox,True,86.13
padded_cdi_ca_1956_wk_prov_dbs_Part27_tables.csv,0,2,1,255,False,78.66
padded_cdi_ca_1956_wk_prov_dbs_Part27_tables.csv,0,3,2,377,False,75.98
padded_cdi_ca_1956_wk_prov_dbs_Part27_tables.csv,0,4,1,455,False,80.22
padded_cdi_ca_1956_wk_prov_dbs_Part27_tables.csv,0,5,51,25121,False,82.03
padded_cdi_ca_1956_wk_prov_dbs_Part27_tables.csv,0,6,54,23296,False,36.91
padded_cdi_ca_1956_wk_prov_dbs_Part27_tables.csv,0,7,81,29949,False,84.03
padded_cdi_ca_1956_wk_prov_dbs_Part27_tables.csv,0,8,-,2,False,78.27
padded_cdi_ca_1956_wk_prov_dbs_Part27_tables.csv,0,9,-,1,False,55.03
padded_cdi_ca_1956_wk_prov_dbs_Part27_tables.csv,0,10,-,3,False,82.86
padded_cdi_ca_1956_wk_prov_dbs_Part27_tables.csv,0,11,-,1,False,76.42
padded_cdi_ca_1956_wk_prov_dbs_Part27_tables.csv,0,12,-,8,False,69.04
padded_cdi_ca_1956_wk_prov_dbs_Part27_tables.csv,0,13,-,3,False,81.45
padded_cdi_ca_1956_wk_prov_dbs_Part27_tables.csv,0,14,-,13,False,41.53
padded_cdi_ca_1956_wk_prov_dbs_Part27_tables.csv,0,15,-,23,False,81.93
padded_cdi_ca_1956_wk_prov_dbs_Part27_tables.csv,0,16,-,31,False,44.48
padded_cdi_ca_1956_wk_prov_dbs_Part27_tables.csv,0,17,-,..,False,79.35
padded_cdi_ca_1956_wk_prov_dbs_Part27_tables.csv,0,18,-,..,False,21.36
padded_cdi_ca_1956_wk_prov_dbs_Part27_tables.csv,0,19,-,..,False,82.03
padded_cdi_ca_1956_wk_prov_dbs_Part27_tables.csv,0,20,1,22,False,76.56
padded_cdi_ca_1956_wk_prov_dbs_Part27_tables.csv,0,21,1,33,False,73.34
padded_cdi_ca_1956_wk_prov_dbs_Part27_tables.csv,0,22,-,55,False,82.32
padded_cdi_ca_1956_wk_prov_dbs_Part27_tables.csv,0,23,-,139,False,62.84
padded_cdi_ca_1956_wk_prov_dbs_Part27_tables.csv,0,24,-,205,False,82.23
padded_cdi_ca_1956_wk_prov_dbs_Part27_tables.csv,0,25,-,192,False,44.48
padded_cdi_ca_1956_wk_prov_dbs_Part27_tables.csv,0,26,-,10,False,81.69
padded_cdi_ca_1956_wk_prov_dbs_Part27_tables.csv,0,27,-,20,False,65.77
padded_cdi_ca_1956_wk_prov_dbs_Part27_tables.csv,0,28,-,20,False,82.62
padded_cdi_ca_1956_wk_prov_dbs_Part27_tables.csv,0,29,-,..,False,67.58
padded_cdi_ca_1956_wk_prov_dbs_Part27_tables.csv,0,30,1,1,True,59.42
padded_cdi_ca_1956_wk_prov_dbs_Part27_tables.csv,0,31,-,22,False,80.81
padded_cdi_ca_1956_wk_prov_dbs_Part27_tables.csv,0,32,-,..,False,59.28
padded_cdi_ca_1956_wk_prov_dbs_Part27_tables.csv,0,33,-,..,False,77.15
padded_cdi_ca_1956_wk_prov_dbs_Part27_tables.csv,0,34,-,26,False,27.34
padded_cdi_ca_1956_wk_prov_dbs_Part27_tables.csv,0,35,-,68,False,81.79
padded_cdi_ca_1956_wk_prov_dbs_Part27_tables.csv,0,36,-,86,False,77.05
padded_cdi_ca_1956_wk_prov_dbs_Part27_tables.csv,0,37,-,52,False,75.83
padded_cdi_ca_1956_wk_prov_dbs_Part27_tables.csv,0,38,2,1,False,77.49
padded_cdi_ca_1956_wk_prov_dbs_Part27_tables.csv,1,0,2,2,False,78.81
padded_cdi_ca_1956_wk_prov_dbs_Part27_tables.csv,1,1,Diphtheria,Diphtheria,True,92.72
padded_cdi_ca_1956_wk_prov_dbs_Part27_tables.csv,1,2,6,1,False,84.67
padded_cdi_ca_1956_wk_prov_dbs_Part27_tables.csv,1,3,8,2,False,81.79
padded_cdi_ca_1956_wk_prov_dbs_Part27_tables.csv,1,4,11,1,False,86.38
padded_cdi_ca_1956_wk_prov_dbs_Part27_tables.csv,1,5,314,51,False,88.28
padded_cdi_ca_1956_wk_prov_dbs_Part27_tables.csv,1,6,295,54,False,39.72
padded_cdi_ca_1956_wk_prov_dbs_Part27_tables.csv,1,7,295,81,False,90.48
padded_cdi_ca_1956_wk_prov_dbs_Part27_tables.csv,1,8,-,-,True,84.23
padded_cdi_ca_1956_wk_prov_dbs_Part27_tables.csv,1,9,-,-,True,59.23
padded_cdi_ca_1956_wk_prov_dbs_Part27_tables.csv,1,10,-,-,True,89.16
padded_cdi_ca_1956_wk_prov_dbs_Part27_tables.csv,1,11,-,-,True,82.23
padded_cdi_ca_1956_wk_prov_dbs_Part27_tables.csv,1,12,-,-,True,74.27
padded_cdi_ca_1956_wk_prov_dbs_Part27_tables.csv,1,13,-,-,True,87.65
padded_cdi_ca_1956_wk_prov_dbs_Part27_tables.csv,1,14,-,-,True,44.70
padded_cdi_ca_1956_wk_prov_dbs_Part27_tables.csv,1,15,-,-,True,88.18
padded_cdi_ca_1956_wk_prov_dbs_Part27_tables.csv,1,16,-,-,True,47.88
padded_cdi_ca_1956_wk_prov_dbs_Part27_tables.csv,1,17,: .,-,False,85.40
padded_cdi_ca_1956_wk_prov_dbs_Part27_tables.csv,1,18,:,-,False,22.99
padded_cdi_ca_1956_wk_prov_dbs_Part27_tables.csv,1,19,:.,-,False,88.28
padded_cdi_ca_1956_wk_prov_dbs_Part27_tables.csv,1,20,:.,1,False,82.37
padded_cdi_ca_1956_wk_prov_dbs_Part27_tables.csv,1,21,:.,1,False,78.91
padded_cdi_ca_1956_wk_prov_dbs_Part27_tables.csv,1,22,1,-,False,88.57
padded_cdi_ca_1956_wk_prov_dbs_Part27_tables.csv,1,23,2,-,False,67.68
padded_cdi_ca_1956_wk_prov_dbs_Part27_tables.csv,1,24,-,-,True,88.53
padded_cdi_ca_1956_wk_prov_dbs_Part27_tables.csv,1,25,-,-,True,47.88
padded_cdi_ca_1956_wk_prov_dbs_Part27_tables.csv,1,26,-,-,True,87.89
padded_cdi_ca_1956_wk_prov_dbs_Part27_tables.csv,1,27,-,-,True,70.80
padded_cdi_ca_1956_wk_prov_dbs_Part27_tables.csv,1,28,-,-,True,88.92
padded_cdi_ca_1956_wk_prov_dbs_Part27_tables.csv,1,29,-,-,True,72.75
padded_cdi_ca_1956_wk_prov_dbs_Part27_tables.csv,1,30,-,1,False,63.96
padded_cdi_ca_1956_wk_prov_dbs_Part27_tables.csv,1,31,-,-,True,86.96
padded_cdi_ca_1956_wk_prov_dbs_Part27_tables.csv,1,32,1,-,False,63.82
padded_cdi_ca_1956_wk_prov_dbs_Part27_tables.csv,1,33,-,-,True,83.06
padded_cdi_ca_1956_wk_prov_dbs_Part27_tables.csv,1,34,-,-,True,29.44
padded_cdi_ca_1956_wk_prov_dbs_Part27_tables.csv,1,35,3,-,False,88.04
padded_cdi_ca_1956_wk_prov_dbs_Part27_tables.csv,1,36,8,-,False,82.96
padded_cdi_ca_1956_wk_prov_dbs_Part27_tables.csv,1,37,3,-,False,81.64
padded_cdi_ca_1956_wk_prov_dbs_Part27_tables.csv,1,38,3,2,False,83.40
padded_cdi_ca_1956_wk_prov_dbs_Part27_tables.csv,2,0,3,3,False,64.26
padded_cdi_ca_1956_wk_prov_dbs_Part27_tables.csv,2,1,Dysentery:4,Dysentery: 4,False,75.59
padded_cdi_ca_1956_wk_prov_dbs_Part27_tables.csv,2,2,-,6,False,69.04
padded_cdi_ca_1956_wk_prov_dbs_Part27_tables.csv,2,3,-,8,False,66.70
padded_cdi_ca_1956_wk_prov_dbs_Part27_tables.csv,2,4,-,11,False,70.41
padded_cdi_ca_1956_wk_prov_dbs_Part27_tables.csv,2,5,-,314,False,71.97
padded_cdi_ca_1956_wk_prov_dbs_Part27_tables.csv,2,6,2,295,False,32.40
padded_cdi_ca_1956_wk_prov_dbs_Part27_tables.csv,2,7,6,295,False,73.78
padded_cdi_ca_1956_wk_prov_dbs_Part27_tables.csv,2,8,-,-,True,68.70
padded_cdi_ca_1956_wk_prov_dbs_Part27_tables.csv,2,9,-,-,True,48.29
padded_cdi_ca_1956_wk_prov_dbs_Part27_tables.csv,2,10,-,-,True,72.71
padded_cdi_ca_1956_wk_prov_dbs_Part27_tables.csv,2,11,-,-,True,67.04
padded_cdi_ca_1956_wk_prov_dbs_Part27_tables.csv,2,12,-,-,True,60.60
padded_cdi_ca_1956_wk_prov_dbs_Part27_tables.csv,2,13,-,-,True,71.48
padded_cdi_ca_1956_wk_prov_dbs_Part27_tables.csv,2,14,-,-,True,36.45
padded_cdi_ca_1956_wk_prov_dbs_Part27_tables.csv,2,15,-,-,True,71.92
padded_cdi_ca_1956_wk_prov_dbs_Part27_tables.csv,2,16,-,-,True,39.04
padded_cdi_ca_1956_wk_prov_dbs_Part27_tables.csv,2,17,: .,..,False,69.63
padded_cdi_ca_1956_wk_prov_dbs_Part27_tables.csv,2,18,:,..,False,18.75
padded_cdi_ca_1956_wk_prov_dbs_Part27_tables.csv,2,19,:.,..,False,71.97
padded_cdi_ca_1956_wk_prov_dbs_Part27_tables.csv,2,20,:.,..,False,67.19
padded_cdi_ca_1956_wk_prov_dbs_Part27_tables.csv,2,21,:.,..,False,64.36
padded_cdi_ca_1956_wk_prov_dbs_Part27_tables.csv,2,22,:.,1,False,72.27
padded_cdi_ca_1956_wk_prov_dbs_Part27_tables.csv,2,23,-,2,False,55.18
padded_cdi_ca_1956_wk_prov_dbs_Part27_tables.csv,2,24,-,-,True,72.17
padded_cdi_ca_1956_wk_prov_dbs_Part27_tables.csv,2,25,-,-,True,39.04
padded_cdi_ca_1956_wk_prov_dbs_Part27_tables.csv,2,26,-,-,True,71.68
padded_cdi_ca_1956_wk_prov_dbs_Part27_tables.csv,2,27,-,-,True,57.71
padded_cdi_ca_1956_wk_prov_dbs_Part27_tables.csv,2,28,-,-,True,72.51
padded_cdi_ca_1956_wk_prov_dbs_Part27_tables.csv,2,29,-,-,True,59.33
padded_cdi_ca_1956_wk_prov_dbs_Part27_tables.csv,2,30,-,-,True,52.15
padded_cdi_ca_1956_wk_prov_dbs_Part27_tables.csv,2,31,-,-,True,70.90
padded_cdi_ca_1956_wk_prov_dbs_Part27_tables.csv,2,32,-,1,False,52.05
padded_cdi_ca_1956_wk_prov_dbs_Part27_tables.csv,2,33,-,-,True,67.72
padded_cdi_ca_1956_wk_prov_dbs_Part27_tables.csv,2,34,-,-,True,24.00
padded_cdi_ca_1956_wk_prov_dbs_Part27_tables.csv,2,35,-,3,False,71.78
padded_cdi_ca_1956_wk_prov_dbs_Part27_tables.csv,2,36,-,8,False,67.63
padded_cdi_ca_1956_wk_prov_dbs_Part27_tables.csv,2,37,-,3,False,66.55
padded_cdi_ca_1956_wk_prov_dbs_Part27_tables.csv,2,38,4,3,False,68.02
padded_cdi_ca_1956_wk_prov_dbs_Part27_tables.csv,3,0,4,4,False,34.81
padded_cdi_ca_1956_wk_prov_dbs_Part27_tables.csv,3,1,(a) Amoebic,(a) Amoebic,True,85.79
padded_cdi_ca_1956_wk_prov_dbs_Part27_tables.csv,3,2,6,-,False,78.37
padded_cdi_ca_1956_wk_prov_dbs_Part27_tables.csv,3,3,8,-,False,75.68
padded_cdi_ca_1956_wk_prov_dbs_Part27_tables.csv,3,4,11,-,False,79.93
padded_cdi_ca_1956_wk_prov_dbs_Part27_tables.csv,3,5,314,-,False,81.69
padded_cdi_ca_1956_wk_prov_dbs_Part27_tables.csv,3,6,293,2,False,36.77
padded_cdi_ca_1956_wk_prov_dbs_Part27_tables.csv,3,7,293,6,False,83.74
padded_cdi_ca_1956_wk_prov_dbs_Part27_tables.csv,3,8,-,-,True,77.98
padded_cdi_ca_1956_wk_prov_dbs_Part27_tables.csv,3,9,-,-,True,54.83
padded_cdi_ca_1956_wk_prov_dbs_Part27_tables.csv,3,10,-,-,True,82.52
padded_cdi_ca_1956_wk_prov_dbs_Part27_tables.csv,3,11,-,-,True,76.12
padded_cdi_ca_1956_wk_prov_dbs_Part27_tables.csv,3,12,-,-,True,68.75
padded_cdi_ca_1956_wk_prov_dbs_Part27_tables.csv,3,13,-,-,True,81.15
padded_cdi_ca_1956_wk_prov_dbs_Part27_tables.csv,3,14,-,-,True,41.36
padded_cdi_ca_1956_wk_prov_dbs_Part27_tables.csv,3,15,-,-,True,81.59
padded_cdi_ca_1956_wk_prov_dbs_Part27_tables.csv,3,16,-,-,True,44.31
padded_cdi_ca_1956_wk_prov_dbs_Part27_tables.csv,3,17,..,..,True,79.05
padded_cdi_ca_1956_wk_prov_dbs_Part27_tables.csv,3,18,:,..,False,21.28
padded_cdi_ca_1956_wk_prov_dbs_Part27_tables.csv,3,19,:.,..,False,81.69
padded_cdi_ca_1956_wk_prov_dbs_Part27_tables.csv,3,20,: .,..,False,76.27
padded_cdi_ca_1956_wk_prov_dbs_Part27_tables.csv,3,21,:.,..,False,73.05
padded_cdi_ca_1956_wk_prov_dbs_Part27_tables.csv,3,22,1,..,False,81.98
padded_cdi_ca_1956_wk_prov_dbs_Part27_tables.csv,3,23,2,-,False,62.60
padded_cdi_ca_1956_wk_prov_dbs_Part27_tables.csv,3,24,-,-,True,81.93
padded_cdi_ca_1956_wk_prov_dbs_Part27_tables.csv,3,25,-,-,True,44.31
padded_cdi_ca_1956_wk_prov_dbs_Part27_tables.csv,3,26,-,-,True,81.35
padded_cdi_ca_1956_wk_prov_dbs_Part27_tables.csv,3,27,-,-,True,65.53
padded_cdi_ca_1956_wk_prov_dbs_Part27_tables.csv,3,28,-,-,True,82.32
padded_cdi_ca_1956_wk_prov_dbs_Part27_tables.csv,3,29,-,-,True,67.33
padded_cdi_ca_1956_wk_prov_dbs_Part27_tables.csv,3,30,-,-,True,59.18
padded_cdi_ca_1956_wk_prov_dbs_Part27_tables.csv,3,31,-,-,True,80.47
padded_cdi_ca_1956_wk_prov_dbs_Part27_tables.csv,3,32,1,-,False,59.08
padded_cdi_ca_1956_wk_prov_dbs_Part27_tables.csv,3,33,-,-,True,76.86
padded_cdi_ca_1956_wk_prov_dbs_Part27_tables.csv,3,34,-,-,True,27.25
padded_cdi_ca_1956_wk_prov_dbs_Part27_tables.csv,3,35,3,-,False,81.49
padded_cdi_ca_1956_wk_prov_dbs_Part27_tables.csv,3,36,8,-,False,76.76
padded_cdi_ca_1956_wk_prov_dbs_Part27_tables.csv,3,37,2,-,False,75.54
padded_cdi_ca_1956_wk_prov_dbs_Part27_tables.csv,3,38,5,4,False,77.20
padded_cdi_ca_1956_wk_prov_dbs_Part27_tables.csv,4,0,5,5,False,34.81
padded_cdi_ca_1956_wk_prov_dbs_Part27_tables.csv,4,1,(h) Pacillary,(b) Bacillary,False,79.69
padded_cdi_ca_1956_wk_prov_dbs_Part27_tables.csv,4,2,-,6,False,72.75
padded_cdi_ca_1956_wk_prov_dbs_Part27_tables.csv,4,3,1,8,False,70.26
padded_cdi_ca_1956_wk_prov_dbs_Part27_tables.csv,4,4,1,11,False,74.22
padded_cdi_ca_1956_wk_prov_dbs_Part27_tables.csv,4,5,10,314,False,75.83
padded_cdi_ca_1956_wk_prov_dbs_Part27_tables.csv,4,6,13,293,False,34.13
padded_cdi_ca_1956_wk_prov_dbs_Part27_tables.csv,4,7,17,293,False,77.73
padded_cdi_ca_1956_wk_prov_dbs_Part27_tables.csv,4,8,-,-,True,72.41
padded_cdi_ca_1956_wk_prov_dbs_Part27_tables.csv,4,9,-,-,True,50.88
padded_cdi_ca_1956_wk_prov_dbs_Part27_tables.csv,4,10,-,-,True,76.61
padded_cdi_ca_1956_wk_prov_dbs_Part27_tables.csv,4,11,...,-,False,70.65
padded_cdi_ca_1956_wk_prov_dbs_Part27_tables.csv,4,12,...,-,False,63.82
padded_cdi_ca_1956_wk_prov_dbs_Part27_tables.csv,4,13,...,-,False,75.34
padded_cdi_ca_1956_wk_prov_dbs_Part27_tables.csv,4,14,-,-,True,38.40
padded_cdi_ca_1956_wk_prov_dbs_Part27_tables.csv,4,15,-,-,True,75.78
padded_cdi_ca_1956_wk_prov_dbs_Part27_tables.csv,4,16,-,-,True,41.14
padded_cdi_ca_1956_wk_prov_dbs_Part27_tables.csv,4,17,-,..,False,73.39
padded_cdi_ca_1956_wk_prov_dbs_Part27_tables.csv,4,18,-,..,False,19.75
padded_cdi_ca_1956_wk_prov_dbs_Part27_tables.csv,4,19,-,..,False,75.83
padded_cdi_ca_1956_wk_prov_dbs_Part27_tables.csv,4,20,:.,..,False,70.80
padded_cdi_ca_1956_wk_prov_dbs_Part27_tables.csv,4,21,..,..,True,67.82
padded_cdi_ca_1956_wk_prov_dbs_Part27_tables.csv,4,22,:.,1,False,76.12
padded_cdi_ca_1956_wk_prov_dbs_Part27_tables.csv,4,23,...,2,False,58.15
padded_cdi_ca_1956_wk_prov_dbs_Part27_tables.csv,4,24,:,-,False,76.03
padded_cdi_ca_1956_wk_prov_dbs_Part27_tables.csv,4,25,: .,-,False,41.14
padded_cdi_ca_1956_wk_prov_dbs_Part27_tables.csv,4,26,-,-,True,75.54
padded_cdi_ca_1956_wk_prov_dbs_Part27_tables.csv,4,27,-,-,True,60.84
padded_cdi_ca_1956_wk_prov_dbs_Part27_tables.csv,4,28,-,-,True,76.42
padded_cdi_ca_1956_wk_prov_dbs_Part27_tables.csv,4,29,-,-,True,62.50
padded_cdi_ca_1956_wk_prov_dbs_Part27_tables.csv,4,30,1,-,False,54.98
padded_cdi_ca_1956_wk_prov_dbs_Part27_tables.csv,4,31,-,-,True,74.71
padded_cdi_ca_1956_wk_prov_dbs_Part27_tables.csv,4,32,-,1,False,54.83
padded_cdi_ca_1956_wk_prov_dbs_Part27_tables.csv,4,33,-,-,True,71.34
padded_cdi_ca_1956_wk_prov_dbs_Part27_tables.csv,4,34,-,-,True,25.29
padded_cdi_ca_1956_wk_prov_dbs_Part27_tables.csv,4,35,-,3,False,75.63
padded_cdi_ca_1956_wk_prov_dbs_Part27_tables.csv,4,36,-,8,False,71.29
padded_cdi_ca_1956_wk_prov_dbs_Part27_tables.csv,4,37,-,2,False,70.17
padded_cdi_ca_1956_wk_prov_dbs_Part27_tables.csv,4,38,6,5,False,71.68
padded_cdi_ca_1956_wk_prov_dbs_Part27_tables.csv,5,0,6,6,False,34.81
padded_cdi_ca_1956_wk_prov_dbs_Part27_tables.csv,5,1,Encephalitis,"Encephalitis, infectious",False,64.89
padded_cdi_ca_1956_wk_prov_dbs_Part27_tables.csv,5,2, infectious,-,False,78.17
padded_cdi_ca_1956_wk_prov_dbs_Part27_tables.csv,5,3,139,1,False,75.49
padded_cdi_ca_1956_wk_prov_dbs_Part27_tables.csv,5,4,134,1,False,79.69
padded_cdi_ca_1956_wk_prov_dbs_Part27_tables.csv,5,5,45,10,False,81.49
padded_cdi_ca_1956_wk_prov_dbs_Part27_tables.csv,5,6,"8,042",13,False,36.67
padded_cdi_ca_1956_wk_prov_dbs_Part27_tables.csv,5,7,"36,096",17,False,83.50
padded_cdi_ca_1956_wk_prov_dbs_Part27_tables.csv,5,8,"8,855",-,False,77.78
padded_cdi_ca_1956_wk_prov_dbs_Part27_tables.csv,5,9,...,-,False,54.69
padded_cdi_ca_1956_wk_prov_dbs_Part27_tables.csv,5,10,...,-,False,82.28
padded_cdi_ca_1956_wk_prov_dbs_Part27_tables.csv,5,11,...,..,False,75.93
padded_cdi_ca_1956_wk_prov_dbs_Part27_tables.csv,5,12,90,..,False,68.55
padded_cdi_ca_1956_wk_prov_dbs_Part27_tables.csv,5,13,97,..,False,80.91
padded_cdi_ca_1956_wk_prov_dbs_Part27_tables.csv,5,14,...,-,False,41.26
padded_cdi_ca_1956_wk_prov_dbs_Part27_tables.csv,5,15,43,-,False,81.40
padded_cdi_ca_1956_wk_prov_dbs_Part27_tables.csv,5,16,35,-,False,44.19
padded_cdi_ca_1956_wk_prov_dbs_Part27_tables.csv,5,17,25,-,False,78.86
padded_cdi_ca_1956_wk_prov_dbs_Part27_tables.csv,5,18,-,-,True,21.22
padded_cdi_ca_1956_wk_prov_dbs_Part27_tables.csv,5,19,-,-,True,81.49
padded_cdi_ca_1956_wk_prov_dbs_Part27_tables.csv,5,20,-,..,False,76.03
padded_cdi_ca_1956_wk_prov_dbs_Part27_tables.csv,5,21,-,..,False,72.85
padded_cdi_ca_1956_wk_prov_dbs_Part27_tables.csv,5,22,-,..,False,81.79
padded_cdi_ca_1956_wk_prov_dbs_Part27_tables.csv,5,23,-,..,False,62.45
padded_cdi_ca_1956_wk_prov_dbs_Part27_tables.csv,5,24,1,..,False,81.69
padded_cdi_ca_1956_wk_prov_dbs_Part27_tables.csv,5,25,1,..,False,44.19
padded_cdi_ca_1956_wk_prov_dbs_Part27_tables.csv,5,26,-,-,True,81.15
padded_cdi_ca_1956_wk_prov_dbs_Part27_tables.csv,5,27,-,-,True,65.33
padded_cdi_ca_1956_wk_prov_dbs_Part27_tables.csv,5,28,1,-,False,82.08
padded_cdi_ca_1956_wk_prov_dbs_Part27_tables.csv,5,29,6,-,False,67.14
padded_cdi_ca_1956_wk_prov_dbs_Part27_tables.csv,5,30,-,1,False,59.03
padded_cdi_ca_1956_wk_prov_dbs_Part27_tables.csv,5,31,-,-,True,80.27
padded_cdi_ca_1956_wk_prov_dbs_Part27_tables.csv,5,32,-,-,True,58.89
padded_cdi_ca_1956_wk_prov_dbs_Part27_tables.csv,5,33,,-,False,76.66
padded_cdi_ca_1956_wk_prov_dbs_Part27_tables.csv,5,34,,-,False,27.17
padded_cdi_ca_1956_wk_prov_dbs_Part27_tables.csv,5,35,:,-,False,81.25
padded_cdi_ca_1956_wk_prov_dbs_Part27_tables.csv,5,36,5,-,False,76.56
padded_cdi_ca_1956_wk_prov_dbs_Part27_tables.csv,5,37,-,-,True,75.34
padded_cdi_ca_1956_wk_prov_dbs_Part27_tables.csv,5,38,4,6,False,77.00
padded_cdi_ca_1956_wk_prov_dbs_Part27_tables.csv,6,0,7,7,False,34.81
padded_cdi_ca_1956_wk_prov_dbs_Part27_tables.csv,6,1,Influenza,"Influenza, epidemic",False,64.89
padded_cdi_ca_1956_wk_prov_dbs_Part27_tables.csv,6,2, epidemic,139,False,76.46
padded_cdi_ca_1956_wk_prov_dbs_Part27_tables.csv,6,3,489,134,False,73.83
padded_cdi_ca_1956_wk_prov_dbs_Part27_tables.csv,6,4,698,45,False,77.98
padded_cdi_ca_1956_wk_prov_dbs_Part27_tables.csv,6,5,793,8042,False,79.74
padded_cdi_ca_1956_wk_prov_dbs_Part27_tables.csv,6,6,"38,511",36096,False,35.86
padded_cdi_ca_1956_wk_prov_dbs_Part27_tables.csv,6,7,"41,140",8855,False,81.69
padded_cdi_ca_1956_wk_prov_dbs_Part27_tables.csv,6,8,"44,369",..,False,76.07
padded_cdi_ca_1956_wk_prov_dbs_Part27_tables.csv,6,9,3,..,False,53.52
padded_cdi_ca_1956_wk_prov_dbs_Part27_tables.csv,6,10,2,..,False,80.52
padded_cdi_ca_1956_wk_prov_dbs_Part27_tables.csv,6,11,3,90,False,74.27
padded_cdi_ca_1956_wk_prov_dbs_Part27_tables.csv,6,12,23,97,False,67.09
padded_cdi_ca_1956_wk_prov_dbs_Part27_tables.csv,6,13,19,..,False,79.15
padded_cdi_ca_1956_wk_prov_dbs_Part27_tables.csv,6,14,8,43,False,40.36
padded_cdi_ca_1956_wk_prov_dbs_Part27_tables.csv,6,15,19,35,False,79.64
padded_cdi_ca_1956_wk_prov_dbs_Part27_tables.csv,6,16,18,25,False,43.24
padded_cdi_ca_1956_wk_prov_dbs_Part27_tables.csv,6,17,10,-,False,77.15
padded_cdi_ca_1956_wk_prov_dbs_Part27_tables.csv,6,18,....,-,False,20.76
padded_cdi_ca_1956_wk_prov_dbs_Part27_tables.csv,6,19,..A,-,False,79.74
padded_cdi_ca_1956_wk_prov_dbs_Part27_tables.csv,6,20,2,-,False,74.41
padded_cdi_ca_1956_wk_prov_dbs_Part27_tables.csv,6,21,97,-,False,71.29
padded_cdi_ca_1956_wk_prov_dbs_Part27_tables.csv,6,22,141,-,False,80.03
padded_cdi_ca_1956_wk_prov_dbs_Part27_tables.csv,6,23,160,1,False,61.08
padded_cdi_ca_1956_wk_prov_dbs_Part27_tables.csv,6,24,281,1,False,79.93
padded_cdi_ca_1956_wk_prov_dbs_Part27_tables.csv,6,25,452,-,False,43.24
padded_cdi_ca_1956_wk_prov_dbs_Part27_tables.csv,6,26,242,-,False,79.39
padded_cdi_ca_1956_wk_prov_dbs_Part27_tables.csv,6,27,22,1,False,63.92
padded_cdi_ca_1956_wk_prov_dbs_Part27_tables.csv,6,28,14,6,False,80.32
padded_cdi_ca_1956_wk_prov_dbs_Part27_tables.csv,6,29,30,-,False,65.72
padded_cdi_ca_1956_wk_prov_dbs_Part27_tables.csv,6,30,:,-,False,57.76
padded_cdi_ca_1956_wk_prov_dbs_Part27_tables.csv,6,31,:,-,False,78.52
padded_cdi_ca_1956_wk_prov_dbs_Part27_tables.csv,6,32,10,..,False,57.62
padded_cdi_ca_1956_wk_prov_dbs_Part27_tables.csv,6,33,18,..,False,75.00
padded_cdi_ca_1956_wk_prov_dbs_Part27_tables.csv,6,34,25,..,False,26.59
padded_cdi_ca_1956_wk_prov_dbs_Part27_tables.csv,6,35,62,5,False,79.49
padded_cdi_ca_1956_wk_prov_dbs_Part27_tables.csv,6,36,26,-,False,74.90
padded_cdi_ca_1956_wk_prov_dbs_Part27_tables.csv,6,37,27,4,False,73.73
padded_cdi_ca_1956_wk_prov_dbs_Part27_tables.csv,6,38,115,7,False,75.34
padded_cdi_ca_1956_wk_prov_dbs_Part27_tables.csv,7,0,8,8,False,34.81
padded_cdi_ca_1956_wk_prov_dbs_Part27_tables.csv,7,1,Measles,Measles,True,84.28
padded_cdi_ca_1956_wk_prov_dbs_Part27_tables.csv,7,2,1,489,False,77.00
padded_cdi_ca_1956_wk_prov_dbs_Part27_tables.csv,7,3,5,698,False,74.37
padded_cdi_ca_1956_wk_prov_dbs_Part27_tables.csv,7,4,7,793,False,78.52
padded_cdi_ca_1956_wk_prov_dbs_Part27_tables.csv,7,5,172,38511,False,80.27
padded_cdi_ca_1956_wk_prov_dbs_Part27_tables.csv,7,6,172,41140,False,36.11
padded_cdi_ca_1956_wk_prov_dbs_Part27_tables.csv,7,7,164,44369,False,82.28
padded_cdi_ca_1956_wk_prov_dbs_Part27_tables.csv,7,8,-,3,False,76.61
padded_cdi_ca_1956_wk_prov_dbs_Part27_tables.csv,7,9,-,2,False,53.86
padded_cdi_ca_1956_wk_prov_dbs_Part27_tables.csv,7,10,-,3,False,81.05
padded_cdi_ca_1956_wk_prov_dbs_Part27_tables.csv,7,11,...,23,False,74.76
padded_cdi_ca_1956_wk_prov_dbs_Part27_tables.csv,7,12,...,19,False,67.53
padded_cdi_ca_1956_wk_prov_dbs_Part27_tables.csv,7,13,...,8,False,79.69
padded_cdi_ca_1956_wk_prov_dbs_Part27_tables.csv,7,14,-,19,False,40.65
padded_cdi_ca_1956_wk_prov_dbs_Part27_tables.csv,7,15,1,18,False,80.18
padded_cdi_ca_1956_wk_prov_dbs_Part27_tables.csv,7,16,-,10,False,43.53
padded_cdi_ca_1956_wk_prov_dbs_Part27_tables.csv,7,17,-,..,False,77.69
padded_cdi_ca_1956_wk_prov_dbs_Part27_tables.csv,7,18,-,..,False,20.90
padded_cdi_ca_1956_wk_prov_dbs_Part27_tables.csv,7,19,-,2,False,80.27
padded_cdi_ca_1956_wk_prov_dbs_Part27_tables.csv,7,20,-,97,False,74.90
padded_cdi_ca_1956_wk_prov_dbs_Part27_tables.csv,7,21,-,141,False,71.78
padded_cdi_ca_1956_wk_prov_dbs_Part27_tables.csv,7,22,1,160,False,80.57
padded_cdi_ca_1956_wk_prov_dbs_Part27_tables.csv,7,23,-,281,False,61.52
padded_cdi_ca_1956_wk_prov_dbs_Part27_tables.csv,7,24,2,452,False,80.47
padded_cdi_ca_1956_wk_prov_dbs_Part27_tables.csv,7,25,2,242,False,43.53
padded_cdi_ca_1956_wk_prov_dbs_Part27_tables.csv,7,26,-,22,False,79.93
padded_cdi_ca_1956_wk_prov_dbs_Part27_tables.csv,7,27,-,14,False,64.36
padded_cdi_ca_1956_wk_prov_dbs_Part27_tables.csv,7,28,-,30,False,80.86
padded_cdi_ca_1956_wk_prov_dbs_Part27_tables.csv,7,29,-,..,False,66.16
padded_cdi_ca_1956_wk_prov_dbs_Part27_tables.csv,7,30,-,..,False,58.15
padded_cdi_ca_1956_wk_prov_dbs_Part27_tables.csv,7,31,-,10,False,79.05
padded_cdi_ca_1956_wk_prov_dbs_Part27_tables.csv,7,32,,18,False,58.01
padded_cdi_ca_1956_wk_prov_dbs_Part27_tables.csv,7,33,:,25,False,75.49
padded_cdi_ca_1956_wk_prov_dbs_Part27_tables.csv,7,34,:,62,False,26.76
padded_cdi_ca_1956_wk_prov_dbs_Part27_tables.csv,7,35,1,26,False,80.03
padded_cdi_ca_1956_wk_prov_dbs_Part27_tables.csv,7,36,2,27,False,75.39
padded_cdi_ca_1956_wk_prov_dbs_Part27_tables.csv,7,37,-,115,False,74.22
padded_cdi_ca_1956_wk_prov_dbs_Part27_tables.csv,7,38,9,8,False,75.83
padded_cdi_ca_1956_wk_prov_dbs_Part27_tables.csv,8,0,9,9,False,76.22
padded_cdi_ca_1956_wk_prov_dbs_Part27_tables.csv,8,1,Meningitis,"Meningitis, meningococcal",False,60.74
padded_cdi_ca_1956_wk_prov_dbs_Part27_tables.csv,8,2, meningococcal,1,False,81.88
padded_cdi_ca_1956_wk_prov_dbs_Part27_tables.csv,8,3,186,5,False,79.05
padded_cdi_ca_1956_wk_prov_dbs_Part27_tables.csv,8,4,295,7,False,83.50
padded_cdi_ca_1956_wk_prov_dbs_Part27_tables.csv,8,5,263,172,False,85.35
padded_cdi_ca_1956_wk_prov_dbs_Part27_tables.csv,8,6,"20,572",172,False,38.40
padded_cdi_ca_1956_wk_prov_dbs_Part27_tables.csv,8,7,"18,909",164,False,87.45
padded_cdi_ca_1956_wk_prov_dbs_Part27_tables.csv,8,8,"27,076",-,False,81.45
padded_cdi_ca_1956_wk_prov_dbs_Part27_tables.csv,8,9,-,-,True,57.28
padded_cdi_ca_1956_wk_prov_dbs_Part27_tables.csv,8,10,-,-,True,86.18
padded_cdi_ca_1956_wk_prov_dbs_Part27_tables.csv,8,11,4.,..,False,79.49
padded_cdi_ca_1956_wk_prov_dbs_Part27_tables.csv,8,12,13,..,False,71.83
padded_cdi_ca_1956_wk_prov_dbs_Part27_tables.csv,8,13,10,..,False,84.77
padded_cdi_ca_1956_wk_prov_dbs_Part27_tables.csv,8,14,1,-,False,43.21
padded_cdi_ca_1956_wk_prov_dbs_Part27_tables.csv,8,15,1,1,True,85.25
padded_cdi_ca_1956_wk_prov_dbs_Part27_tables.csv,8,16,-,-,True,46.29
padded_cdi_ca_1956_wk_prov_dbs_Part27_tables.csv,8,17,9,-,False,82.57
padded_cdi_ca_1956_wk_prov_dbs_Part27_tables.csv,8,18,...,-,False,22.23
padded_cdi_ca_1956_wk_prov_dbs_Part27_tables.csv,8,19,..,-,False,85.35
padded_cdi_ca_1956_wk_prov_dbs_Part27_tables.csv,8,20,...,-,False,79.64
padded_cdi_ca_1956_wk_prov_dbs_Part27_tables.csv,8,21,33,-,False,76.32
padded_cdi_ca_1956_wk_prov_dbs_Part27_tables.csv,8,22,23,1,False,85.64
padded_cdi_ca_1956_wk_prov_dbs_Part27_tables.csv,8,23,29,-,False,65.43
padded_cdi_ca_1956_wk_prov_dbs_Part27_tables.csv,8,24,88,2,False,85.60
padded_cdi_ca_1956_wk_prov_dbs_Part27_tables.csv,8,25,193,2,False,46.29
padded_cdi_ca_1956_wk_prov_dbs_Part27_tables.csv,8,26,115,-,False,84.96
padded_cdi_ca_1956_wk_prov_dbs_Part27_tables.csv,8,27,6,-,False,68.46
padded_cdi_ca_1956_wk_prov_dbs_Part27_tables.csv,8,28,9,-,False,85.99
padded_cdi_ca_1956_wk_prov_dbs_Part27_tables.csv,8,29,14,-,False,70.36
padded_cdi_ca_1956_wk_prov_dbs_Part27_tables.csv,8,30,. :,-,False,61.82
padded_cdi_ca_1956_wk_prov_dbs_Part27_tables.csv,8,31,.,-,False,84.08
padded_cdi_ca_1956_wk_prov_dbs_Part27_tables.csv,8,32,8,..,False,61.72
padded_cdi_ca_1956_wk_prov_dbs_Part27_tables.csv,8,33,:,..,False,80.27
padded_cdi_ca_1956_wk_prov_dbs_Part27_tables.csv,8,34,:.,..,False,28.47
padded_cdi_ca_1956_wk_prov_dbs_Part27_tables.csv,8,35,8,1,False,85.11
padded_cdi_ca_1956_wk_prov_dbs_Part27_tables.csv,8,36,45,2,False,80.18
padded_cdi_ca_1956_wk_prov_dbs_Part27_tables.csv,8,37,60,-,False,78.91
padded_cdi_ca_1956_wk_prov_dbs_Part27_tables.csv,8,38,30,9,False,80.66
padded_cdi_ca_1956_wk_prov_dbs_Part27_tables.csv,9,0,10,10,False,71.29
padded_cdi_ca_1956_wk_prov_dbs_Part27_tables.csv,9,1,Mumps,Mumps,True,60.74
padded_cdi_ca_1956_wk_prov_dbs_Part27_tables.csv,9,2,5,186,False,76.56
padded_cdi_ca_1956_wk_prov_dbs_Part27_tables.csv,9,3,3,295,False,73.93
padded_cdi_ca_1956_wk_prov_dbs_Part27_tables.csv,9,4,44,263,False,78.08
padded_cdi_ca_1956_wk_prov_dbs_Part27_tables.csv,9,5,78,20572,False,79.79
padded_cdi_ca_1956_wk_prov_dbs_Part27_tables.csv,9,6,163,18909,False,35.91
padded_cdi_ca_1956_wk_prov_dbs_Part27_tables.csv,9,7,163,27076,False,81.79
padded_cdi_ca_1956_wk_prov_dbs_Part27_tables.csv,9,8,-,-,True,76.17
padded_cdi_ca_1956_wk_prov_dbs_Part27_tables.csv,9,9,-,-,True,53.56
padded_cdi_ca_1956_wk_prov_dbs_Part27_tables.csv,9,10,-,4,False,80.62
padded_cdi_ca_1956_wk_prov_dbs_Part27_tables.csv,9,11,-,13,False,74.37
padded_cdi_ca_1956_wk_prov_dbs_Part27_tables.csv,9,12,-,10,False,67.19
padded_cdi_ca_1956_wk_prov_dbs_Part27_tables.csv,9,13,-,1,False,79.25
padded_cdi_ca_1956_wk_prov_dbs_Part27_tables.csv,9,14,-,1,False,40.41
padded_cdi_ca_1956_wk_prov_dbs_Part27_tables.csv,9,15,-,-,True,79.74
padded_cdi_ca_1956_wk_prov_dbs_Part27_tables.csv,9,16,-,9,False,43.29
padded_cdi_ca_1956_wk_prov_dbs_Part27_tables.csv,9,17,-,..,False,77.25
padded_cdi_ca_1956_wk_prov_dbs_Part27_tables.csv,9,18,-,..,False,20.79
padded_cdi_ca_1956_wk_prov_dbs_Part27_tables.csv,9,19,-,..,False,79.79
padded_cdi_ca_1956_wk_prov_dbs_Part27_tables.csv,9,20,1,33,False,74.46
padded_cdi_ca_1956_wk_prov_dbs_Part27_tables.csv,9,21,-,23,False,71.34
padded_cdi_ca_1956_wk_prov_dbs_Part27_tables.csv,9,22,2,29,False,80.13
padded_cdi_ca_1956_wk_prov_dbs_Part27_tables.csv,9,23,1,88,False,61.18
padded_cdi_ca_1956_wk_prov_dbs_Part27_tables.csv,9,24,2,193,False,80.03
padded_cdi_ca_1956_wk_prov_dbs_Part27_tables.csv,9,25,11,115,False,43.29
padded_cdi_ca_1956_wk_prov_dbs_Part27_tables.csv,9,26,-,6,False,79.49
padded_cdi_ca_1956_wk_prov_dbs_Part27_tables.csv,9,27,-,9,False,64.01
padded_cdi_ca_1956_wk_prov_dbs_Part27_tables.csv,9,28,2,14,False,80.42
padded_cdi_ca_1956_wk_prov_dbs_Part27_tables.csv,9,29,1,..,False,65.77
padded_cdi_ca_1956_wk_prov_dbs_Part27_tables.csv,9,30,1,..,False,57.81
padded_cdi_ca_1956_wk_prov_dbs_Part27_tables.csv,9,31,3,8,False,78.61
padded_cdi_ca_1956_wk_prov_dbs_Part27_tables.csv,9,32,-,..,False,57.71
padded_cdi_ca_1956_wk_prov_dbs_Part27_tables.csv,9,33,-,..,False,75.10
padded_cdi_ca_1956_wk_prov_dbs_Part27_tables.csv,9,34,3,8,False,26.61
padded_cdi_ca_1956_wk_prov_dbs_Part27_tables.csv,9,35,2,45,False,79.59
padded_cdi_ca_1956_wk_prov_dbs_Part27_tables.csv,9,36,-,60,False,75.00
padded_cdi_ca_1956_wk_prov_dbs_Part27_tables.csv,9,37,4,30,False,73.83
padded_cdi_ca_1956_wk_prov_dbs_Part27_tables.csv,9,38,11,10,False,75.39
padded_cdi_ca_1956_wk_prov_dbs_Part27_tables.csv,10,0,11,11,False,75.29
padded_cdi_ca_1956_wk_prov_dbs_Part27_tables.csv,10,1,Poliomyelitis,"Poliomyelitis, epidemic: 4",False,88.57
padded_cdi_ca_1956_wk_prov_dbs_Part27_tables.csv,10,2, epidemic:4,5,False,80.86
padded_cdi_ca_1956_wk_prov_dbs_Part27_tables.csv,10,3,3,3,True,78.12
padded_cdi_ca_1956_wk_prov_dbs_Part27_tables.csv,10,4,3,44,False,82.47
padded_cdi_ca_1956_wk_prov_dbs_Part27_tables.csv,10,5,15,78,False,84.33
padded_cdi_ca_1956_wk_prov_dbs_Part27_tables.csv,10,6,49,163,False,37.94
padded_cdi_ca_1956_wk_prov_dbs_Part27_tables.csv,10,7,99,163,False,86.43
padded_cdi_ca_1956_wk_prov_dbs_Part27_tables.csv,10,8,99,-,False,80.47
padded_cdi_ca_1956_wk_prov_dbs_Part27_tables.csv,10,9,-,-,True,56.59
padded_cdi_ca_1956_wk_prov_dbs_Part27_tables.csv,10,10,-,-,True,85.16
padded_cdi_ca_1956_wk_prov_dbs_Part27_tables.csv,10,11,-,-,True,78.56
padded_cdi_ca_1956_wk_prov_dbs_Part27_tables.csv,10,12,-,-,True,70.95
padded_cdi_ca_1956_wk_prov_dbs_Part27_tables.csv,10,13,-,-,True,83.74
padded_cdi_ca_1956_wk_prov_dbs_Part27_tables.csv,10,14,-,-,True,42.70
padded_cdi_ca_1956_wk_prov_dbs_Part27_tables.csv,10,15,-,-,True,84.23
padded_cdi_ca_1956_wk_prov_dbs_Part27_tables.csv,10,16,-,-,True,45.73
padded_cdi_ca_1956_wk_prov_dbs_Part27_tables.csv,10,17,-,-,True,81.59
padded_cdi_ca_1956_wk_prov_dbs_Part27_tables.csv,10,18,-,-,True,21.96
padded_cdi_ca_1956_wk_prov_dbs_Part27_tables.csv,10,19,-,-,True,84.33
padded_cdi_ca_1956_wk_prov_dbs_Part27_tables.csv,10,20,-,1,False,78.66
padded_cdi_ca_1956_wk_prov_dbs_Part27_tables.csv,10,21,1,-,False,75.39
padded_cdi_ca_1956_wk_prov_dbs_Part27_tables.csv,10,22,-,2,False,84.62
padded_cdi_ca_1956_wk_prov_dbs_Part27_tables.csv,10,23,1,1,True,64.60
padded_cdi_ca_1956_wk_prov_dbs_Part27_tables.csv,10,24,1,2,False,84.52
padded_cdi_ca_1956_wk_prov_dbs_Part27_tables.csv,10,25,2,11,False,45.73
padded_cdi_ca_1956_wk_prov_dbs_Part27_tables.csv,10,26,2,-,False,83.94
padded_cdi_ca_1956_wk_prov_dbs_Part27_tables.csv,10,27,-,-,True,67.63
padded_cdi_ca_1956_wk_prov_dbs_Part27_tables.csv,10,28,-,2,False,84.91
padded_cdi_ca_1956_wk_prov_dbs_Part27_tables.csv,10,29,2,1,False,69.48
padded_cdi_ca_1956_wk_prov_dbs_Part27_tables.csv,10,30,(6),1,False,61.08
padded_cdi_ca_1956_wk_prov_dbs_Part27_tables.csv,10,31,1,3,False,83.06
padded_cdi_ca_1956_wk_prov_dbs_Part27_tables.csv,10,32,1,-,False,60.94
padded_cdi_ca_1956_wk_prov_dbs_Part27_tables.csv,10,33,-,-,True,79.30
padded_cdi_ca_1956_wk_prov_dbs_Part27_tables.csv,10,34,-,3,False,28.10
padded_cdi_ca_1956_wk_prov_dbs_Part27_tables.csv,10,35,-,2,False,84.08
padded_cdi_ca_1956_wk_prov_dbs_Part27_tables.csv,10,36,1,-,False,79.20
padded_cdi_ca_1956_wk_prov_dbs_Part27_tables.csv,10,37,-,4,False,77.98
padded_cdi_ca_1956_wk_prov_dbs_Part27_tables.csv,10,38,-,11,False,79.69
padded_cdi_ca_1956_wk_prov_dbs_Part27_tables.csv,11,0,12,12,False,69.14
padded_cdi_ca_1956_wk_prov_dbs_Part27_tables.csv,11,1,(a) With paralysis,(a) With paralysis,True,81.30
padded_cdi_ca_1956_wk_prov_dbs_Part27_tables.csv,11,2,1,3,False,74.27
padded_cdi_ca_1956_wk_prov_dbs_Part27_tables.csv,11,3,-,3,False,71.73
padded_cdi_ca_1956_wk_prov_dbs_Part27_tables.csv,11,4,23,15,False,75.73
padded_cdi_ca_1956_wk_prov_dbs_Part27_tables.csv,11,5,22,49,False,77.44
padded_cdi_ca_1956_wk_prov_dbs_Part27_tables.csv,11,6,53,99,False,34.84
padded_cdi_ca_1956_wk_prov_dbs_Part27_tables.csv,11,7,53,99,False,79.35
padded_cdi_ca_1956_wk_prov_dbs_Part27_tables.csv,11,8,-,-,True,73.88
padded_cdi_ca_1956_wk_prov_dbs_Part27_tables.csv,11,9,-,-,True,51.95
padded_cdi_ca_1956_wk_prov_dbs_Part27_tables.csv,11,10,-,-,True,78.22
padded_cdi_ca_1956_wk_prov_dbs_Part27_tables.csv,11,11,-,-,True,72.12
padded_cdi_ca_1956_wk_prov_dbs_Part27_tables.csv,11,12,-,-,True,65.19
padded_cdi_ca_1956_wk_prov_dbs_Part27_tables.csv,11,13,-,-,True,76.90
padded_cdi_ca_1956_wk_prov_dbs_Part27_tables.csv,11,14,-,-,True,39.21
padded_cdi_ca_1956_wk_prov_dbs_Part27_tables.csv,11,15,-,-,True,77.34
padded_cdi_ca_1956_wk_prov_dbs_Part27_tables.csv,11,16,-,-,True,41.99
padded_cdi_ca_1956_wk_prov_dbs_Part27_tables.csv,11,17,-,-,True,74.90
padded_cdi_ca_1956_wk_prov_dbs_Part27_tables.csv,11,18,-,-,True,20.17
padded_cdi_ca_1956_wk_prov_dbs_Part27_tables.csv,11,19,-,-,True,77.44
padded_cdi_ca_1956_wk_prov_dbs_Part27_tables.csv,11,20,-,1,False,72.27
padded_cdi_ca_1956_wk_prov_dbs_Part27_tables.csv,11,21,-,-,True,69.24
padded_cdi_ca_1956_wk_prov_dbs_Part27_tables.csv,11,22,1,1,True,77.73
padded_cdi_ca_1956_wk_prov_dbs_Part27_tables.csv,11,23,-,1,False,59.33
padded_cdi_ca_1956_wk_prov_dbs_Part27_tables.csv,11,24,-,2,False,77.64
padded_cdi_ca_1956_wk_prov_dbs_Part27_tables.csv,11,25,9,2,False,41.99
padded_cdi_ca_1956_wk_prov_dbs_Part27_tables.csv,11,26,-,-,True,77.10
padded_cdi_ca_1956_wk_prov_dbs_Part27_tables.csv,11,27,-,-,True,62.11
padded_cdi_ca_1956_wk_prov_dbs_Part27_tables.csv,11,28,-,2,False,77.98
padded_cdi_ca_1956_wk_prov_dbs_Part27_tables.csv,11,29,(6),(6),True,63.82
padded_cdi_ca_1956_wk_prov_dbs_Part27_tables.csv,11,30,-,1,False,56.10
padded_cdi_ca_1956_wk_prov_dbs_Part27_tables.csv,11,31,-,1,False,76.27
padded_cdi_ca_1956_wk_prov_dbs_Part27_tables.csv,11,32,-,-,True,55.96
padded_cdi_ca_1956_wk_prov_dbs_Part27_tables.csv,11,33,-,-,True,72.85
padded_cdi_ca_1956_wk_prov_dbs_Part27_tables.csv,11,34,-,-,True,25.81
padded_cdi_ca_1956_wk_prov_dbs_Part27_tables.csv,11,35,1,1,True,77.20
padded_cdi_ca_1956_wk_prov_dbs_Part27_tables.csv,11,36,-,-,True,72.75
padded_cdi_ca_1956_wk_prov_dbs_Part27_tables.csv,11,37,4,-,False,71.58
padded_cdi_ca_1956_wk_prov_dbs_Part27_tables.csv,11,38,13,12,False,73.14
padded_cdi_ca_1956_wk_prov_dbs_Part27_tables.csv,12,0,13,13,False,69.24
padded_cdi_ca_1956_wk_prov_dbs_Part27_tables.csv,12,1,(b) Without paralysis,(b) Without paralysis,True,81.40
padded_cdi_ca_1956_wk_prov_dbs_Part27_tables.csv,12,2,316,1,False,74.37
padded_cdi_ca_1956_wk_prov_dbs_Part27_tables.csv,12,3,566,-,False,71.83
padded_cdi_ca_1956_wk_prov_dbs_Part27_tables.csv,12,4,135,23,False,75.83
padded_cdi_ca_1956_wk_prov_dbs_Part27_tables.csv,12,5,"47,840",22,False,77.49
padded_cdi_ca_1956_wk_prov_dbs_Part27_tables.csv,12,6,"16,975",53,False,34.89
padded_cdi_ca_1956_wk_prov_dbs_Part27_tables.csv,12,7,"8,697",53,False,79.44
padded_cdi_ca_1956_wk_prov_dbs_Part27_tables.csv,12,8,1,-,False,73.97
padded_cdi_ca_1956_wk_prov_dbs_Part27_tables.csv,12,9,-,-,True,52.00
padded_cdi_ca_1956_wk_prov_dbs_Part27_tables.csv,12,10,-,-,True,78.27
padded_cdi_ca_1956_wk_prov_dbs_Part27_tables.csv,12,11,...,-,False,72.22
padded_cdi_ca_1956_wk_prov_dbs_Part27_tables.csv,12,12,A.P,-,False,65.23
padded_cdi_ca_1956_wk_prov_dbs_Part27_tables.csv,12,13,...,-,False,77.00
padded_cdi_ca_1956_wk_prov_dbs_Part27_tables.csv,12,14,9,-,False,39.26
padded_cdi_ca_1956_wk_prov_dbs_Part27_tables.csv,12,15,12,-,False,77.44
padded_cdi_ca_1956_wk_prov_dbs_Part27_tables.csv,12,16,4,-,False,42.04
padded_cdi_ca_1956_wk_prov_dbs_Part27_tables.csv,12,17,,-,False,75.00
padded_cdi_ca_1956_wk_prov_dbs_Part27_tables.csv,12,18,9.9,-,False,20.19
padded_cdi_ca_1956_wk_prov_dbs_Part27_tables.csv,12,19,...,-,False,77.49
padded_cdi_ca_1956_wk_prov_dbs_Part27_tables.csv,12,20,55,-,False,72.36
padded_cdi_ca_1956_wk_prov_dbs_Part27_tables.csv,12,21,70,-,False,69.29
padded_cdi_ca_1956_wk_prov_dbs_Part27_tables.csv,12,22,4,1,False,77.78
padded_cdi_ca_1956_wk_prov_dbs_Part27_tables.csv,12,23,118,-,False,59.42
padded_cdi_ca_1956_wk_prov_dbs_Part27_tables.csv,12,24,208,-,False,77.73
padded_cdi_ca_1956_wk_prov_dbs_Part27_tables.csv,12,25,20,9,False,42.04
padded_cdi_ca_1956_wk_prov_dbs_Part27_tables.csv,12,26,3,-,False,77.20
padded_cdi_ca_1956_wk_prov_dbs_Part27_tables.csv,12,27,2,-,False,62.16
padded_cdi_ca_1956_wk_prov_dbs_Part27_tables.csv,12,28,-,-,True,78.08
padded_cdi_ca_1956_wk_prov_dbs_Part27_tables.csv,12,29,...,(6),False,63.87
padded_cdi_ca_1956_wk_prov_dbs_Part27_tables.csv,12,30,....,-,False,56.15
padded_cdi_ca_1956_wk_prov_dbs_Part27_tables.csv,12,31,5,-,False,76.37
padded_cdi_ca_1956_wk_prov_dbs_Part27_tables.csv,12,32,14,-,False,56.05
padded_cdi_ca_1956_wk_prov_dbs_Part27_tables.csv,12,33,19,-,False,72.90
padded_cdi_ca_1956_wk_prov_dbs_Part27_tables.csv,12,34,23,-,False,25.85
padded_cdi_ca_1956_wk_prov_dbs_Part27_tables.csv,12,35,116,1,False,77.29
padded_cdi_ca_1956_wk_prov_dbs_Part27_tables.csv,12,36,255,-,False,72.85
padded_cdi_ca_1956_wk_prov_dbs_Part27_tables.csv,12,37,21,4,False,71.68
padded_cdi_ca_1956_wk_prov_dbs_Part27_tables.csv,12,38,14,13,False,38.99
padded_cdi_ca_1956_wk_prov_dbs_Part27_tables.csv,13,0,14,14,False,66.75
padded_cdi_ca_1956_wk_prov_dbs_Part27_tables.csv,13,1,Rubella 5,Rubella,False,78.52
padded_cdi_ca_1956_wk_prov_dbs_Part27_tables.csv,13,2,131,316,False,71.73
padded_cdi_ca_1956_wk_prov_dbs_Part27_tables.csv,13,3,172,566,False,69.29
padded_cdi_ca_1956_wk_prov_dbs_Part27_tables.csv,13,4,127,135,False,73.14
padded_cdi_ca_1956_wk_prov_dbs_Part27_tables.csv,13,5,"8,175",47840,False,74.76
padded_cdi_ca_1956_wk_prov_dbs_Part27_tables.csv,13,6,"5,844",16975,False,33.64
padded_cdi_ca_1956_wk_prov_dbs_Part27_tables.csv,13,7,"8,963",8697,False,76.61
padded_cdi_ca_1956_wk_prov_dbs_Part27_tables.csv,13,8,-,1,False,71.34
padded_cdi_ca_1956_wk_prov_dbs_Part27_tables.csv,13,9,1,-,False,50.20
padded_cdi_ca_1956_wk_prov_dbs_Part27_tables.csv,13,10,3,-,False,75.54
padded_cdi_ca_1956_wk_prov_dbs_Part27_tables.csv,13,11,8,..,False,69.68
padded_cdi_ca_1956_wk_prov_dbs_Part27_tables.csv,13,12,21,..,False,62.94
padded_cdi_ca_1956_wk_prov_dbs_Part27_tables.csv,13,13,4,..,False,74.27
padded_cdi_ca_1956_wk_prov_dbs_Part27_tables.csv,13,14,39,9,False,37.87
padded_cdi_ca_1956_wk_prov_dbs_Part27_tables.csv,13,15,66,12,False,74.71
padded_cdi_ca_1956_wk_prov_dbs_Part27_tables.csv,13,16,7,4,False,40.55
padded_cdi_ca_1956_wk_prov_dbs_Part27_tables.csv,13,17,-,..,False,72.36
padded_cdi_ca_1956_wk_prov_dbs_Part27_tables.csv,13,18,-,..,False,19.47
padded_cdi_ca_1956_wk_prov_dbs_Part27_tables.csv,13,19,2,..,False,74.76
padded_cdi_ca_1956_wk_prov_dbs_Part27_tables.csv,13,20,9,55,False,69.78
padded_cdi_ca_1956_wk_prov_dbs_Part27_tables.csv,13,21,6,70,False,66.85
padded_cdi_ca_1956_wk_prov_dbs_Part27_tables.csv,13,22,26,4,False,75.05
padded_cdi_ca_1956_wk_prov_dbs_Part27_tables.csv,13,23,57,118,False,57.32
padded_cdi_ca_1956_wk_prov_dbs_Part27_tables.csv,13,24,58,208,False,74.95
padded_cdi_ca_1956_wk_prov_dbs_Part27_tables.csv,13,25,23,20,False,40.55
padded_cdi_ca_1956_wk_prov_dbs_Part27_tables.csv,13,26,1,3,False,74.46
padded_cdi_ca_1956_wk_prov_dbs_Part27_tables.csv,13,27,1,2,False,59.96
padded_cdi_ca_1956_wk_prov_dbs_Part27_tables.csv,13,28,8,-,False,75.34
padded_cdi_ca_1956_wk_prov_dbs_Part27_tables.csv,13,29,2,..,False,61.62
padded_cdi_ca_1956_wk_prov_dbs_Part27_tables.csv,13,30,1,..,False,54.15
padded_cdi_ca_1956_wk_prov_dbs_Part27_tables.csv,13,31,11,5,False,73.68
padded_cdi_ca_1956_wk_prov_dbs_Part27_tables.csv,13,32,11,14,False,54.05
padded_cdi_ca_1956_wk_prov_dbs_Part27_tables.csv,13,33,4,19,False,70.31
padded_cdi_ca_1956_wk_prov_dbs_Part27_tables.csv,13,34,14,23,False,24.93
padded_cdi_ca_1956_wk_prov_dbs_Part27_tables.csv,13,35,4,116,False,74.56
padded_cdi_ca_1956_wk_prov_dbs_Part27_tables.csv,13,36,14,255,False,70.26
padded_cdi_ca_1956_wk_prov_dbs_Part27_tables.csv,13,37,22,21,False,69.14
padded_cdi_ca_1956_wk_prov_dbs_Part27_tables.csv,13,38,15,14,False,38.99
padded_cdi_ca_1956_wk_prov_dbs_Part27_tables.csv,14,0,15,15,False,72.31
padded_cdi_ca_1956_wk_prov_dbs_Part27_tables.csv,14,1,Scarlet fever,"Scarlet fever, etc. 5 **",False,85.06
padded_cdi_ca_1956_wk_prov_dbs_Part27_tables.csv,14,2, etc.,131,False,77.69
padded_cdi_ca_1956_wk_prov_dbs_Part27_tables.csv,14,3,-,172,False,75.00
padded_cdi_ca_1956_wk_prov_dbs_Part27_tables.csv,14,4,-,127,False,79.20
padded_cdi_ca_1956_wk_prov_dbs_Part27_tables.csv,14,5,-,8175,False,80.96
padded_cdi_ca_1956_wk_prov_dbs_Part27_tables.csv,14,6,,5844,False,36.43
padded_cdi_ca_1956_wk_prov_dbs_Part27_tables.csv,14,7,,8963,False,83.01
padded_cdi_ca_1956_wk_prov_dbs_Part27_tables.csv,14,8,-,-,True,77.29
padded_cdi_ca_1956_wk_prov_dbs_Part27_tables.csv,14,9,-,1,False,54.35
padded_cdi_ca_1956_wk_prov_dbs_Part27_tables.csv,14,10,-,3,False,81.79
padded_cdi_ca_1956_wk_prov_dbs_Part27_tables.csv,14,11,-,8,False,75.44
padded_cdi_ca_1956_wk_prov_dbs_Part27_tables.csv,14,12,-,21,False,68.16
padded_cdi_ca_1956_wk_prov_dbs_Part27_tables.csv,14,13,-,4,False,80.42
padded_cdi_ca_1956_wk_prov_dbs_Part27_tables.csv,14,14,-,39,False,41.02
padded_cdi_ca_1956_wk_prov_dbs_Part27_tables.csv,14,15,-,66,False,80.91
padded_cdi_ca_1956_wk_prov_dbs_Part27_tables.csv,14,16,-,7,False,43.92
padded_cdi_ca_1956_wk_prov_dbs_Part27_tables.csv,14,17,-,-,True,78.37
padded_cdi_ca_1956_wk_prov_dbs_Part27_tables.csv,14,18,-,-,True,21.09
padded_cdi_ca_1956_wk_prov_dbs_Part27_tables.csv,14,19,-,2,False,80.96
padded_cdi_ca_1956_wk_prov_dbs_Part27_tables.csv,14,20,-,9,False,75.59
padded_cdi_ca_1956_wk_prov_dbs_Part27_tables.csv,14,21,-,6,False,72.41
padded_cdi_ca_1956_wk_prov_dbs_Part27_tables.csv,14,22,-,26,False,81.30
padded_cdi_ca_1956_wk_prov_dbs_Part27_tables.csv,14,23,-,57,False,62.06
padded_cdi_ca_1956_wk_prov_dbs_Part27_tables.csv,14,24,-,58,False,81.20
padded_cdi_ca_1956_wk_prov_dbs_Part27_tables.csv,14,25,-,23,False,43.92
padded_cdi_ca_1956_wk_prov_dbs_Part27_tables.csv,14,26,-,1,False,80.62
padded_cdi_ca_1956_wk_prov_dbs_Part27_tables.csv,14,27,-,1,False,64.94
padded_cdi_ca_1956_wk_prov_dbs_Part27_tables.csv,14,28,-,8,False,81.59
padded_cdi_ca_1956_wk_prov_dbs_Part27_tables.csv,14,29,-,2,False,66.75
padded_cdi_ca_1956_wk_prov_dbs_Part27_tables.csv,14,30,-,1,False,58.69
padded_cdi_ca_1956_wk_prov_dbs_Part27_tables.csv,14,31,-,11,False,79.79
padded_cdi_ca_1956_wk_prov_dbs_Part27_tables.csv,14,32,-,11,False,58.54
padded_cdi_ca_1956_wk_prov_dbs_Part27_tables.csv,14,33,-,4,False,76.17
padded_cdi_ca_1956_wk_prov_dbs_Part27_tables.csv,14,34,-,14,False,27.00
padded_cdi_ca_1956_wk_prov_dbs_Part27_tables.csv,14,35,-,4,False,80.76
padded_cdi_ca_1956_wk_prov_dbs_Part27_tables.csv,14,36,-,14,False,76.07
padded_cdi_ca_1956_wk_prov_dbs_Part27_tables.csv,14,37,-,22,False,74.90
padded_cdi_ca_1956_wk_prov_dbs_Part27_tables.csv,14,38,-,15,False,76.51
padded_cdi_ca_1956_wk_prov_dbs_Part27_tables.csv,15,0,16 17,16,False,77.10
padded_cdi_ca_1956_wk_prov_dbs_Part27_tables.csv,15,1,Smallpox Tuberculosis: 4,Smallpox,False,90.67
padded_cdi_ca_1956_wk_prov_dbs_Part27_tables.csv,15,2,174,-,False,82.81
padded_cdi_ca_1956_wk_prov_dbs_Part27_tables.csv,15,3,171,-,False,79.98
padded_cdi_ca_1956_wk_prov_dbs_Part27_tables.csv,15,4,215,-,False,84.47
padded_cdi_ca_1956_wk_prov_dbs_Part27_tables.csv,15,5,"4,769",-,False,86.33
padded_cdi_ca_1956_wk_prov_dbs_Part27_tables.csv,15,6,"4,935",-,False,38.84
padded_cdi_ca_1956_wk_prov_dbs_Part27_tables.csv,15,7,"5,507",-,False,88.48
padded_cdi_ca_1956_wk_prov_dbs_Part27_tables.csv,15,8,5,-,False,82.42
padded_cdi_ca_1956_wk_prov_dbs_Part27_tables.csv,15,9,8,-,False,57.96
padded_cdi_ca_1956_wk_prov_dbs_Part27_tables.csv,15,10,10,-,False,87.21
padded_cdi_ca_1956_wk_prov_dbs_Part27_tables.csv,15,11,2,-,False,80.42
padded_cdi_ca_1956_wk_prov_dbs_Part27_tables.csv,15,12,1,-,False,72.66
padded_cdi_ca_1956_wk_prov_dbs_Part27_tables.csv,15,13,2,-,False,85.74
padded_cdi_ca_1956_wk_prov_dbs_Part27_tables.csv,15,14,2,-,False,43.73
padded_cdi_ca_1956_wk_prov_dbs_Part27_tables.csv,15,15,1,-,False,86.23
padded_cdi_ca_1956_wk_prov_dbs_Part27_tables.csv,15,16,3,-,False,46.83
padded_cdi_ca_1956_wk_prov_dbs_Part27_tables.csv,15,17,13,-,False,83.54
padded_cdi_ca_1956_wk_prov_dbs_Part27_tables.csv,15,18,14,-,False,22.49
padded_cdi_ca_1956_wk_prov_dbs_Part27_tables.csv,15,19,16,-,False,86.33
padded_cdi_ca_1956_wk_prov_dbs_Part27_tables.csv,15,20,81,-,False,80.57
padded_cdi_ca_1956_wk_prov_dbs_Part27_tables.csv,15,21,41,-,False,77.20
padded_cdi_ca_1956_wk_prov_dbs_Part27_tables.csv,15,22,75,-,False,86.67
padded_cdi_ca_1956_wk_prov_dbs_Part27_tables.csv,15,23,23,-,False,66.16
padded_cdi_ca_1956_wk_prov_dbs_Part27_tables.csv,15,24,13,-,False,86.57
padded_cdi_ca_1956_wk_prov_dbs_Part27_tables.csv,15,25,25,-,False,46.83
padded_cdi_ca_1956_wk_prov_dbs_Part27_tables.csv,15,26,4,-,False,85.99
padded_cdi_ca_1956_wk_prov_dbs_Part27_tables.csv,15,27,17,-,False,69.24
padded_cdi_ca_1956_wk_prov_dbs_Part27_tables.csv,15,28,16,-,False,86.96
padded_cdi_ca_1956_wk_prov_dbs_Part27_tables.csv,15,29,9,-,False,71.14
padded_cdi_ca_1956_wk_prov_dbs_Part27_tables.csv,15,30,10,-,False,62.55
padded_cdi_ca_1956_wk_prov_dbs_Part27_tables.csv,15,31,19,-,False,85.06
padded_cdi_ca_1956_wk_prov_dbs_Part27_tables.csv,15,32,18,-,False,62.40
padded_cdi_ca_1956_wk_prov_dbs_Part27_tables.csv,15,33,24,-,False,81.20
padded_cdi_ca_1956_wk_prov_dbs_Part27_tables.csv,15,34,19,-,False,28.78
padded_cdi_ca_1956_wk_prov_dbs_Part27_tables.csv,15,35,17,-,False,86.08
padded_cdi_ca_1956_wk_prov_dbs_Part27_tables.csv,15,36,42,-,False,81.10
padded_cdi_ca_1956_wk_prov_dbs_Part27_tables.csv,15,37,19,-,False,79.83
padded_cdi_ca_1956_wk_prov_dbs_Part27_tables.csv,15,38,17,16,False,81.59
padded_cdi_ca_1956_wk_prov_dbs_Part27_tables.csv,16,0,18,17,False,65.38
padded_cdi_ca_1956_wk_prov_dbs_Part27_tables.csv,16,1,,"Tuberculosis: 4,6",False,76.90
padded_cdi_ca_1956_wk_prov_dbs_Part27_tables.csv,16,2,145,174,False,70.26
padded_cdi_ca_1956_wk_prov_dbs_Part27_tables.csv,16,3,145,171,False,67.82
padded_cdi_ca_1956_wk_prov_dbs_Part27_tables.csv,16,4,182,215,False,71.63
padded_cdi_ca_1956_wk_prov_dbs_Part27_tables.csv,16,5,"3,889",4769,False,73.24
padded_cdi_ca_1956_wk_prov_dbs_Part27_tables.csv,16,6,"3,994",4935,False,32.96
padded_cdi_ca_1956_wk_prov_dbs_Part27_tables.csv,16,7,"4,414",5507,False,75.05
padded_cdi_ca_1956_wk_prov_dbs_Part27_tables.csv,16,8,5,5,True,69.92
padded_cdi_ca_1956_wk_prov_dbs_Part27_tables.csv,16,9,8,8,True,49.15
padded_cdi_ca_1956_wk_prov_dbs_Part27_tables.csv,16,10,8,10,False,73.97
padded_cdi_ca_1956_wk_prov_dbs_Part27_tables.csv,16,11,1,2,False,68.21
padded_cdi_ca_1956_wk_prov_dbs_Part27_tables.csv,16,12,-,1,False,61.62
padded_cdi_ca_1956_wk_prov_dbs_Part27_tables.csv,16,13,1,2,False,72.75
padded_cdi_ca_1956_wk_prov_dbs_Part27_tables.csv,16,14,2,2,True,37.08
padded_cdi_ca_1956_wk_prov_dbs_Part27_tables.csv,16,15,1,1,True,73.14
padded_cdi_ca_1956_wk_prov_dbs_Part27_tables.csv,16,16,2,3,False,39.72
padded_cdi_ca_1956_wk_prov_dbs_Part27_tables.csv,16,17,13,13,True,70.85
padded_cdi_ca_1956_wk_prov_dbs_Part27_tables.csv,16,18,13,14,False,19.08
padded_cdi_ca_1956_wk_prov_dbs_Part27_tables.csv,16,19,16,16,True,73.24
padded_cdi_ca_1956_wk_prov_dbs_Part27_tables.csv,16,20,80,81,False,68.36
padded_cdi_ca_1956_wk_prov_dbs_Part27_tables.csv,16,21,40,41,False,65.48
padded_cdi_ca_1956_wk_prov_dbs_Part27_tables.csv,16,22,73,75,False,73.49
padded_cdi_ca_1956_wk_prov_dbs_Part27_tables.csv,16,23,(6),23,False,56.15
padded_cdi_ca_1956_wk_prov_dbs_Part27_tables.csv,16,24,(6),13,False,73.44
padded_cdi_ca_1956_wk_prov_dbs_Part27_tables.csv,16,25,(6),25,False,39.72
padded_cdi_ca_1956_wk_prov_dbs_Part27_tables.csv,16,26,4,4,True,72.95
padded_cdi_ca_1956_wk_prov_dbs_Part27_tables.csv,16,27,16,17,False,58.74
padded_cdi_ca_1956_wk_prov_dbs_Part27_tables.csv,16,28,16,16,True,73.78
padded_cdi_ca_1956_wk_prov_dbs_Part27_tables.csv,16,29,7,9,False,60.35
padded_cdi_ca_1956_wk_prov_dbs_Part27_tables.csv,16,30,8,10,False,53.08
padded_cdi_ca_1956_wk_prov_dbs_Part27_tables.csv,16,31,17,19,False,72.17
padded_cdi_ca_1956_wk_prov_dbs_Part27_tables.csv,16,32,17,18,False,52.93
padded_cdi_ca_1956_wk_prov_dbs_Part27_tables.csv,16,33,23,24,False,68.90
padded_cdi_ca_1956_wk_prov_dbs_Part27_tables.csv,16,34,16,19,False,24.41
padded_cdi_ca_1956_wk_prov_dbs_Part27_tables.csv,16,35,16,17,False,73.05
padded_cdi_ca_1956_wk_prov_dbs_Part27_tables.csv,16,36,36,42,False,68.80
padded_cdi_ca_1956_wk_prov_dbs_Part27_tables.csv,16,37,19,19,True,67.72
padded_cdi_ca_1956_wk_prov_dbs_Part27_tables.csv,16,38,18,17,False,69.19
padded_cdi_ca_1956_wk_prov_dbs_Part27_tables.csv,17,0,19,18,False,68.65
padded_cdi_ca_1956_wk_prov_dbs_Part27_tables.csv,17,1,(a) Pulmonary (b) Non-pulmonary,(a) Pulmonary,False,80.76
padded_cdi_ca_1956_wk_prov_dbs_Part27_tables.csv,17,2,6,145,False,73.73
padded_cdi_ca_1956_wk_prov_dbs_Part27_tables.csv,17,3,13,145,False,71.24
padded_cdi_ca_1956_wk_prov_dbs_Part27_tables.csv,17,4,9,182,False,75.20
padded_cdi_ca_1956_wk_prov_dbs_Part27_tables.csv,17,5,282,3889,False,76.90
padded_cdi_ca_1956_wk_prov_dbs_Part27_tables.csv,17,6,319,3994,False,34.59
padded_cdi_ca_1956_wk_prov_dbs_Part27_tables.csv,17,7,264,4414,False,78.81
padded_cdi_ca_1956_wk_prov_dbs_Part27_tables.csv,17,8,-,5,False,73.39
padded_cdi_ca_1956_wk_prov_dbs_Part27_tables.csv,17,9,-,8,False,51.61
padded_cdi_ca_1956_wk_prov_dbs_Part27_tables.csv,17,10,-,8,False,77.64
padded_cdi_ca_1956_wk_prov_dbs_Part27_tables.csv,17,11,1,1,True,71.63
padded_cdi_ca_1956_wk_prov_dbs_Part27_tables.csv,17,12,1,-,False,64.70
padded_cdi_ca_1956_wk_prov_dbs_Part27_tables.csv,17,13,-,1,False,76.37
padded_cdi_ca_1956_wk_prov_dbs_Part27_tables.csv,17,14,-,2,False,38.94
padded_cdi_ca_1956_wk_prov_dbs_Part27_tables.csv,17,15,-,1,False,76.81
padded_cdi_ca_1956_wk_prov_dbs_Part27_tables.csv,17,16,-,2,False,41.70
padded_cdi_ca_1956_wk_prov_dbs_Part27_tables.csv,17,17,-,13,False,74.41
padded_cdi_ca_1956_wk_prov_dbs_Part27_tables.csv,17,18,1,13,False,20.02
padded_cdi_ca_1956_wk_prov_dbs_Part27_tables.csv,17,19,-,16,False,76.90
padded_cdi_ca_1956_wk_prov_dbs_Part27_tables.csv,17,20,1,80,False,71.73
padded_cdi_ca_1956_wk_prov_dbs_Part27_tables.csv,17,21,1,40,False,68.75
padded_cdi_ca_1956_wk_prov_dbs_Part27_tables.csv,17,22,2,73,False,77.15
padded_cdi_ca_1956_wk_prov_dbs_Part27_tables.csv,17,23,(6),(6),True,58.94
padded_cdi_ca_1956_wk_prov_dbs_Part27_tables.csv,17,24,(6),(6),True,77.10
padded_cdi_ca_1956_wk_prov_dbs_Part27_tables.csv,17,25,(6),(6),True,41.70
padded_cdi_ca_1956_wk_prov_dbs_Part27_tables.csv,17,26,-,4,False,76.56
padded_cdi_ca_1956_wk_prov_dbs_Part27_tables.csv,17,27,1,16,False,61.67
padded_cdi_ca_1956_wk_prov_dbs_Part27_tables.csv,17,28,-,16,False,77.44
padded_cdi_ca_1956_wk_prov_dbs_Part27_tables.csv,17,29,2,7,False,63.38
padded_cdi_ca_1956_wk_prov_dbs_Part27_tables.csv,17,30,2,8,False,55.71
padded_cdi_ca_1956_wk_prov_dbs_Part27_tables.csv,17,31,1,17,False,75.73
padded_cdi_ca_1956_wk_prov_dbs_Part27_tables.csv,17,32,1,17,False,55.57
padded_cdi_ca_1956_wk_prov_dbs_Part27_tables.csv,17,33,1,23,False,72.31
padded_cdi_ca_1956_wk_prov_dbs_Part27_tables.csv,17,34,2,16,False,25.63
padded_cdi_ca_1956_wk_prov_dbs_Part27_tables.csv,17,35,1,16,False,76.66
padded_cdi_ca_1956_wk_prov_dbs_Part27_tables.csv,17,36,6,36,False,72.22
padded_cdi_ca_1956_wk_prov_dbs_Part27_tables.csv,17,37,1,19,False,71.09
padded_cdi_ca_1956_wk_prov_dbs_Part27_tables.csv,17,38,19,18,False,72.66
padded_cdi_ca_1956_wk_prov_dbs_Part27_tables.csv,18,0,20,19,False,75.39
padded_cdi_ca_1956_wk_prov_dbs_Part27_tables.csv,18,1,and paratyphoid,(b) Non-pulmonary,False,88.67
padded_cdi_ca_1956_wk_prov_dbs_Part27_tables.csv,18,2,8,6,False,81.01
padded_cdi_ca_1956_wk_prov_dbs_Part27_tables.csv,18,3,6,13,False,78.22
padded_cdi_ca_1956_wk_prov_dbs_Part27_tables.csv,18,4,4,9,False,82.62
padded_cdi_ca_1956_wk_prov_dbs_Part27_tables.csv,18,5,211,282,False,84.42
padded_cdi_ca_1956_wk_prov_dbs_Part27_tables.csv,18,6,127,319,False,37.99
padded_cdi_ca_1956_wk_prov_dbs_Part27_tables.csv,18,7,227,264,False,86.52
padded_cdi_ca_1956_wk_prov_dbs_Part27_tables.csv,18,8,2,-,False,80.62
padded_cdi_ca_1956_wk_prov_dbs_Part27_tables.csv,18,9,1,-,False,56.69
padded_cdi_ca_1956_wk_prov_dbs_Part27_tables.csv,18,10,-,-,True,85.30
padded_cdi_ca_1956_wk_prov_dbs_Part27_tables.csv,18,11,-,1,False,78.66
padded_cdi_ca_1956_wk_prov_dbs_Part27_tables.csv,18,12,-,1,False,71.09
padded_cdi_ca_1956_wk_prov_dbs_Part27_tables.csv,18,13,-,-,True,83.89
padded_cdi_ca_1956_wk_prov_dbs_Part27_tables.csv,18,14,-,-,True,42.75
padded_cdi_ca_1956_wk_prov_dbs_Part27_tables.csv,18,15,-,-,True,84.38
padded_cdi_ca_1956_wk_prov_dbs_Part27_tables.csv,18,16,I,-,False,45.80
padded_cdi_ca_1956_wk_prov_dbs_Part27_tables.csv,18,17,1,-,False,81.74
padded_cdi_ca_1956_wk_prov_dbs_Part27_tables.csv,18,18,1,1,True,22.00
padded_cdi_ca_1956_wk_prov_dbs_Part27_tables.csv,18,19,-,-,True,84.42
padded_cdi_ca_1956_wk_prov_dbs_Part27_tables.csv,18,20,-,1,False,78.81
padded_cdi_ca_1956_wk_prov_dbs_Part27_tables.csv,18,21,1,1,True,75.49
padded_cdi_ca_1956_wk_prov_dbs_Part27_tables.csv,18,22,3,2,False,84.77
padded_cdi_ca_1956_wk_prov_dbs_Part27_tables.csv,18,23,2,(6),False,64.70
padded_cdi_ca_1956_wk_prov_dbs_Part27_tables.csv,18,24,1,(6),False,84.67
padded_cdi_ca_1956_wk_prov_dbs_Part27_tables.csv,18,25,-,(6),False,45.80
padded_cdi_ca_1956_wk_prov_dbs_Part27_tables.csv,18,26,-,-,True,84.08
padded_cdi_ca_1956_wk_prov_dbs_Part27_tables.csv,18,27,-,1,False,67.72
padded_cdi_ca_1956_wk_prov_dbs_Part27_tables.csv,18,28,-,-,True,85.06
padded_cdi_ca_1956_wk_prov_dbs_Part27_tables.csv,18,29,-,2,False,69.58
padded_cdi_ca_1956_wk_prov_dbs_Part27_tables.csv,18,30,1,2,False,61.18
padded_cdi_ca_1956_wk_prov_dbs_Part27_tables.csv,18,31,-,1,False,83.20
padded_cdi_ca_1956_wk_prov_dbs_Part27_tables.csv,18,32,-,1,False,61.04
padded_cdi_ca_1956_wk_prov_dbs_Part27_tables.csv,18,33,-,1,False,79.44
padded_cdi_ca_1956_wk_prov_dbs_Part27_tables.csv,18,34,-,2,False,28.15
padded_cdi_ca_1956_wk_prov_dbs_Part27_tables.csv,18,35,3,1,False,84.23
padded_cdi_ca_1956_wk_prov_dbs_Part27_tables.csv,18,36,1,6,False,79.35
padded_cdi_ca_1956_wk_prov_dbs_Part27_tables.csv,18,37,-,1,False,78.08
padded_cdi_ca_1956_wk_prov_dbs_Part27_tables.csv,18,38,20,19,False,79.79
padded_cdi_ca_1956_wk_prov_dbs_Part27_tables.csv,19,0,21,20,False,76.76
padded_cdi_ca_1956_wk_prov_dbs_Part27_tables.csv,19,1,Typhoid Undulant fever,Typhoid and paratyphoid,False,90.23
padded_cdi_ca_1956_wk_prov_dbs_Part27_tables.csv,19,2,2,8,False,82.42
padded_cdi_ca_1956_wk_prov_dbs_Part27_tables.csv,19,3,-,6,False,79.59
padded_cdi_ca_1956_wk_prov_dbs_Part27_tables.csv,19,4,4,4,True,84.08
padded_cdi_ca_1956_wk_prov_dbs_Part27_tables.csv,19,5,78,211,False,85.94
padded_cdi_ca_1956_wk_prov_dbs_Part27_tables.csv,19,6,61,127,False,38.67
padded_cdi_ca_1956_wk_prov_dbs_Part27_tables.csv,19,7,63,227,False,88.09
padded_cdi_ca_1956_wk_prov_dbs_Part27_tables.csv,19,8,-,2,False,82.03
padded_cdi_ca_1956_wk_prov_dbs_Part27_tables.csv,19,9,-,1,False,57.67
padded_cdi_ca_1956_wk_prov_dbs_Part27_tables.csv,19,10,-,-,True,86.82
padded_cdi_ca_1956_wk_prov_dbs_Part27_tables.csv,19,11,-,-,True,80.08
padded_cdi_ca_1956_wk_prov_dbs_Part27_tables.csv,19,12,-,-,True,72.31
padded_cdi_ca_1956_wk_prov_dbs_Part27_tables.csv,19,13,-,-,True,85.35
padded_cdi_ca_1956_wk_prov_dbs_Part27_tables.csv,19,14,-,-,True,43.51
padded_cdi_ca_1956_wk_prov_dbs_Part27_tables.csv,19,15,-,-,True,85.84
padded_cdi_ca_1956_wk_prov_dbs_Part27_tables.csv,19,16,-,-,True,46.61
padded_cdi_ca_1956_wk_prov_dbs_Part27_tables.csv,19,17,,1,False,83.15
padded_cdi_ca_1956_wk_prov_dbs_Part27_tables.csv,19,18,..A,1,False,22.38
padded_cdi_ca_1956_wk_prov_dbs_Part27_tables.csv,19,19,...,-,False,85.94
padded_cdi_ca_1956_wk_prov_dbs_Part27_tables.csv,19,20,2,-,False,80.18
padded_cdi_ca_1956_wk_prov_dbs_Part27_tables.csv,19,21,...,1,False,76.81
padded_cdi_ca_1956_wk_prov_dbs_Part27_tables.csv,19,22,2,3,False,86.23
padded_cdi_ca_1956_wk_prov_dbs_Part27_tables.csv,19,23,-,2,False,65.87
padded_cdi_ca_1956_wk_prov_dbs_Part27_tables.csv,19,24,-,1,False,86.18
padded_cdi_ca_1956_wk_prov_dbs_Part27_tables.csv,19,25,-,-,True,46.61
padded_cdi_ca_1956_wk_prov_dbs_Part27_tables.csv,19,26,-,-,True,85.55
padded_cdi_ca_1956_wk_prov_dbs_Part27_tables.csv,19,27,-,-,True,68.90
padded_cdi_ca_1956_wk_prov_dbs_Part27_tables.csv,19,28,-,-,True,86.57
padded_cdi_ca_1956_wk_prov_dbs_Part27_tables.csv,19,29,-,-,True,70.80
padded_cdi_ca_1956_wk_prov_dbs_Part27_tables.csv,19,30,-,1,False,62.26
padded_cdi_ca_1956_wk_prov_dbs_Part27_tables.csv,19,31,-,-,True,84.67
padded_cdi_ca_1956_wk_prov_dbs_Part27_tables.csv,19,32,....,-,False,62.11
padded_cdi_ca_1956_wk_prov_dbs_Part27_tables.csv,19,33,9.9,-,False,80.81
padded_cdi_ca_1956_wk_prov_dbs_Part27_tables.csv,19,34,...,-,False,28.66
padded_cdi_ca_1956_wk_prov_dbs_Part27_tables.csv,19,35,-,3,False,85.69
padded_cdi_ca_1956_wk_prov_dbs_Part27_tables.csv,19,36,-,1,False,80.76
padded_cdi_ca_1956_wk_prov_dbs_Part27_tables.csv,19,37,-,-,True,79.44
padded_cdi_ca_1956_wk_prov_dbs_Part27_tables.csv,19,38,21,20,False,81.20
padded_cdi_ca_1956_wk_prov_dbs_Part27_tables.csv,20,0,22,21,False,44.65
padded_cdi_ca_1956_wk_prov_dbs_Part27_tables.csv,20,1,Venereal diseases:,Undulant fever,False,74.95
padded_cdi_ca_1956_wk_prov_dbs_Part27_tables.csv,20,2,269,2,False,68.46
padded_cdi_ca_1956_wk_prov_dbs_Part27_tables.csv,20,3,273,-,False,61.04
padded_cdi_ca_1956_wk_prov_dbs_Part27_tables.csv,20,4,368,4,False,51.95
padded_cdi_ca_1956_wk_prov_dbs_Part27_tables.csv,20,5,"8,230",78,False,71.34
padded_cdi_ca_1956_wk_prov_dbs_Part27_tables.csv,20,6,"8,683",61,False,32.10
padded_cdi_ca_1956_wk_prov_dbs_Part27_tables.csv,20,7,"9,065",63,False,46.68
padded_cdi_ca_1956_wk_prov_dbs_Part27_tables.csv,20,8,4,-,False,44.17
padded_cdi_ca_1956_wk_prov_dbs_Part27_tables.csv,20,9,2,-,False,47.88
padded_cdi_ca_1956_wk_prov_dbs_Part27_tables.csv,20,10,11,-,False,72.07
padded_cdi_ca_1956_wk_prov_dbs_Part27_tables.csv,20,11,-,-,True,66.46
padded_cdi_ca_1956_wk_prov_dbs_Part27_tables.csv,20,12,-,-,True,60.06
padded_cdi_ca_1956_wk_prov_dbs_Part27_tables.csv,20,13,1,-,False,70.85
padded_cdi_ca_1956_wk_prov_dbs_Part27_tables.csv,20,14,17,-,False,36.13
padded_cdi_ca_1956_wk_prov_dbs_Part27_tables.csv,20,15,2,-,False,71.29
padded_cdi_ca_1956_wk_prov_dbs_Part27_tables.csv,20,16,11,-,False,38.70
padded_cdi_ca_1956_wk_prov_dbs_Part27_tables.csv,20,17,6,..,False,69.04
padded_cdi_ca_1956_wk_prov_dbs_Part27_tables.csv,20,18,6,..,False,18.58
padded_cdi_ca_1956_wk_prov_dbs_Part27_tables.csv,20,19,4,..,False,71.34
padded_cdi_ca_1956_wk_prov_dbs_Part27_tables.csv,20,20,54,2,False,66.60
padded_cdi_ca_1956_wk_prov_dbs_Part27_tables.csv,20,21,46,..,False,63.77
padded_cdi_ca_1956_wk_prov_dbs_Part27_tables.csv,20,22,60,2,False,71.63
padded_cdi_ca_1956_wk_prov_dbs_Part27_tables.csv,20,23,30,-,False,54.69
padded_cdi_ca_1956_wk_prov_dbs_Part27_tables.csv,20,24,29,-,False,71.53
padded_cdi_ca_1956_wk_prov_dbs_Part27_tables.csv,20,25,52,-,False,38.70
padded_cdi_ca_1956_wk_prov_dbs_Part27_tables.csv,20,26,21,-,False,71.04
padded_cdi_ca_1956_wk_prov_dbs_Part27_tables.csv,20,27,17,-,False,57.23
padded_cdi_ca_1956_wk_prov_dbs_Part27_tables.csv,20,28,33,-,False,71.88
padded_cdi_ca_1956_wk_prov_dbs_Part27_tables.csv,20,29,26,-,False,58.79
padded_cdi_ca_1956_wk_prov_dbs_Part27_tables.csv,20,30,30,-,False,51.71
padded_cdi_ca_1956_wk_prov_dbs_Part27_tables.csv,20,31,39,-,False,70.31
padded_cdi_ca_1956_wk_prov_dbs_Part27_tables.csv,20,32,42,..,False,51.56
padded_cdi_ca_1956_wk_prov_dbs_Part27_tables.csv,20,33,54,..,False,67.09
padded_cdi_ca_1956_wk_prov_dbs_Part27_tables.csv,20,34,53,..,False,23.79
padded_cdi_ca_1956_wk_prov_dbs_Part27_tables.csv,20,35,69,-,False,71.14
padded_cdi_ca_1956_wk_prov_dbs_Part27_tables.csv,20,36,87,-,False,67.04
padded_cdi_ca_1956_wk_prov_dbs_Part27_tables.csv,20,37,57,-,False,65.97
padded_cdi_ca_1956_wk_prov_dbs_Part27_tables.csv,20,38,22,21,False,67.43
padded_cdi_ca_1956_wk_prov_dbs_Part27_tables.csv,21,0,,22,False,44.65
padded_cdi_ca_1956_wk_prov_dbs_Part27_tables.csv,21,1,,Venereal diseases:,False,64.79
padded_cdi_ca_1956_wk_prov_dbs_Part27_tables.csv,21,2,-,269,False,59.13
padded_cdi_ca_1956_wk_prov_dbs_Part27_tables.csv,21,3,1,273,False,61.04
padded_cdi_ca_1956_wk_prov_dbs_Part27_tables.csv,21,4,3,368,False,51.95
padded_cdi_ca_1956_wk_prov_dbs_Part27_tables.csv,21,5,50,8230,False,61.67
padded_cdi_ca_1956_wk_prov_dbs_Part27_tables.csv,21,6,58,8683,False,27.76
padded_cdi_ca_1956_wk_prov_dbs_Part27_tables.csv,21,7,114,9065,False,46.68
padded_cdi_ca_1956_wk_prov_dbs_Part27_tables.csv,21,8,-,4,False,44.17
padded_cdi_ca_1956_wk_prov_dbs_Part27_tables.csv,21,9,-,2,False,41.38
padded_cdi_ca_1956_wk_prov_dbs_Part27_tables.csv,21,10,-,11,False,62.30
padded_cdi_ca_1956_wk_prov_dbs_Part27_tables.csv,21,11,-,-,True,57.47
padded_cdi_ca_1956_wk_prov_dbs_Part27_tables.csv,21,12,-,-,True,51.90
padded_cdi_ca_1956_wk_prov_dbs_Part27_tables.csv,21,13,-,1,False,61.23
padded_cdi_ca_1956_wk_prov_dbs_Part27_tables.csv,21,14,-,17,False,31.23
padded_cdi_ca_1956_wk_prov_dbs_Part27_tables.csv,21,15,-,2,False,61.62
padded_cdi_ca_1956_wk_prov_dbs_Part27_tables.csv,21,16,I,11,False,33.45
padded_cdi_ca_1956_wk_prov_dbs_Part27_tables.csv,21,17,-,6,False,59.67
padded_cdi_ca_1956_wk_prov_dbs_Part27_tables.csv,21,18,-,6,False,16.06
padded_cdi_ca_1956_wk_prov_dbs_Part27_tables.csv,21,19,-,4,False,61.67
padded_cdi_ca_1956_wk_prov_dbs_Part27_tables.csv,21,20,-,54,False,57.57
padded_cdi_ca_1956_wk_prov_dbs_Part27_tables.csv,21,21,-,46,False,55.13
padded_cdi_ca_1956_wk_prov_dbs_Part27_tables.csv,21,22,1,60,False,61.91
padded_cdi_ca_1956_wk_prov_dbs_Part27_tables.csv,21,23,-,30,False,47.27
padded_cdi_ca_1956_wk_prov_dbs_Part27_tables.csv,21,24,-,29,False,61.82
padded_cdi_ca_1956_wk_prov_dbs_Part27_tables.csv,21,25,-,52,False,33.45
padded_cdi_ca_1956_wk_prov_dbs_Part27_tables.csv,21,26,-,21,False,61.43
padded_cdi_ca_1956_wk_prov_dbs_Part27_tables.csv,21,27,-,17,False,49.46
padded_cdi_ca_1956_wk_prov_dbs_Part27_tables.csv,21,28,-,33,False,62.11
padded_cdi_ca_1956_wk_prov_dbs_Part27_tables.csv,21,29,-,26,False,50.83
padded_cdi_ca_1956_wk_prov_dbs_Part27_tables.csv,21,30,1,30,False,44.68
padded_cdi_ca_1956_wk_prov_dbs_Part27_tables.csv,21,31,-,39,False,60.74
padded_cdi_ca_1956_wk_prov_dbs_Part27_tables.csv,21,32,-,42,False,44.58
padded_cdi_ca_1956_wk_prov_dbs_Part27_tables.csv,21,33,-,54,False,58.01
padded_cdi_ca_1956_wk_prov_dbs_Part27_tables.csv,21,34,-,53,False,20.56
padded_cdi_ca_1956_wk_prov_dbs_Part27_tables.csv,21,35,-,69,False,61.52
padded_cdi_ca_1956_wk_prov_dbs_Part27_tables.csv,21,36,-,87,False,57.96
padded_cdi_ca_1956_wk_prov_dbs_Part27_tables.csv,21,37,-,57,False,57.03
padded_cdi_ca_1956_wk_prov_dbs_Part27_tables.csv,21,38,23,22,False,58.25
padded_cdi_ca_1956_wk_prov_dbs_Part27_tables.csv,22,0,23 24,23,False,77.49
padded_cdi_ca_1956_wk_prov_dbs_Part27_tables.csv,22,1,(a) Syphilis,"(a) Syphilis, primary",False,91.16
padded_cdi_ca_1956_wk_prov_dbs_Part27_tables.csv,22,2," primary "" secondary",-,False,83.25
padded_cdi_ca_1956_wk_prov_dbs_Part27_tables.csv,22,3,-,1,False,80.42
padded_cdi_ca_1956_wk_prov_dbs_Part27_tables.csv,22,4,1,3,False,84.91
padded_cdi_ca_1956_wk_prov_dbs_Part27_tables.csv,22,5,4,50,False,86.77
padded_cdi_ca_1956_wk_prov_dbs_Part27_tables.csv,22,6,23,58,False,39.04
padded_cdi_ca_1956_wk_prov_dbs_Part27_tables.csv,22,7,20,114,False,88.96
padded_cdi_ca_1956_wk_prov_dbs_Part27_tables.csv,22,8,69,-,False,82.81
padded_cdi_ca_1956_wk_prov_dbs_Part27_tables.csv,22,9,-,-,True,58.25
padded_cdi_ca_1956_wk_prov_dbs_Part27_tables.csv,22,10,-,-,True,87.65
padded_cdi_ca_1956_wk_prov_dbs_Part27_tables.csv,22,11,-,-,True,80.86
padded_cdi_ca_1956_wk_prov_dbs_Part27_tables.csv,22,12,-,-,True,73.05
padded_cdi_ca_1956_wk_prov_dbs_Part27_tables.csv,22,13,-,-,True,86.18
padded_cdi_ca_1956_wk_prov_dbs_Part27_tables.csv,22,14,-,-,True,43.95
padded_cdi_ca_1956_wk_prov_dbs_Part27_tables.csv,22,15,-,-,True,86.67
padded_cdi_ca_1956_wk_prov_dbs_Part27_tables.csv,22,16,-,-,True,47.07
padded_cdi_ca_1956_wk_prov_dbs_Part27_tables.csv,22,17,I,-,False,83.98
padded_cdi_ca_1956_wk_prov_dbs_Part27_tables.csv,22,18,-,-,True,22.61
padded_cdi_ca_1956_wk_prov_dbs_Part27_tables.csv,22,19,-,-,True,86.77
padded_cdi_ca_1956_wk_prov_dbs_Part27_tables.csv,22,20,-,-,True,81.01
padded_cdi_ca_1956_wk_prov_dbs_Part27_tables.csv,22,21,-,-,True,77.59
padded_cdi_ca_1956_wk_prov_dbs_Part27_tables.csv,22,22,-,1,False,87.11
padded_cdi_ca_1956_wk_prov_dbs_Part27_tables.csv,22,23,-,-,True,66.50
padded_cdi_ca_1956_wk_prov_dbs_Part27_tables.csv,22,24,-,-,True,87.01
padded_cdi_ca_1956_wk_prov_dbs_Part27_tables.csv,22,25,-,-,True,47.07
padded_cdi_ca_1956_wk_prov_dbs_Part27_tables.csv,22,26,1,-,False,86.43
padded_cdi_ca_1956_wk_prov_dbs_Part27_tables.csv,22,27,-,-,True,69.58
padded_cdi_ca_1956_wk_prov_dbs_Part27_tables.csv,22,28,-,-,True,87.45
padded_cdi_ca_1956_wk_prov_dbs_Part27_tables.csv,22,29,-,-,True,71.53
padded_cdi_ca_1956_wk_prov_dbs_Part27_tables.csv,22,30,-,1,False,62.89
padded_cdi_ca_1956_wk_prov_dbs_Part27_tables.csv,22,31,-,-,True,85.50
padded_cdi_ca_1956_wk_prov_dbs_Part27_tables.csv,22,32,-,-,True,62.74
padded_cdi_ca_1956_wk_prov_dbs_Part27_tables.csv,22,33,-,-,True,81.64
padded_cdi_ca_1956_wk_prov_dbs_Part27_tables.csv,22,34,1,-,False,28.93
padded_cdi_ca_1956_wk_prov_dbs_Part27_tables.csv,22,35,-,-,True,86.57
padded_cdi_ca_1956_wk_prov_dbs_Part27_tables.csv,22,36,-,-,True,81.54
padded_cdi_ca_1956_wk_prov_dbs_Part27_tables.csv,22,37,-,-,True,80.27
padded_cdi_ca_1956_wk_prov_dbs_Part27_tables.csv,22,38,-,23,False,81.98
padded_cdi_ca_1956_wk_prov_dbs_Part27_tables.csv,23,0,25,24,False,76.27
padded_cdi_ca_1956_wk_prov_dbs_Part27_tables.csv,23,1,(b) (c) other,(b) '' secondary,False,34.55
padded_cdi_ca_1956_wk_prov_dbs_Part27_tables.csv,23,2,27,-,False,81.88
padded_cdi_ca_1956_wk_prov_dbs_Part27_tables.csv,23,3,30,1,False,79.10
padded_cdi_ca_1956_wk_prov_dbs_Part27_tables.csv,23,4,64,4,False,83.54
padded_cdi_ca_1956_wk_prov_dbs_Part27_tables.csv,23,5,979,23,False,85.40
padded_cdi_ca_1956_wk_prov_dbs_Part27_tables.csv,23,6,"1,280",20,False,38.43
padded_cdi_ca_1956_wk_prov_dbs_Part27_tables.csv,23,7,"1,424",69,False,87.50
padded_cdi_ca_1956_wk_prov_dbs_Part27_tables.csv,23,8,4,-,False,81.49
padded_cdi_ca_1956_wk_prov_dbs_Part27_tables.csv,23,9,-,-,True,57.32
padded_cdi_ca_1956_wk_prov_dbs_Part27_tables.csv,23,10,2,-,False,86.23
padded_cdi_ca_1956_wk_prov_dbs_Part27_tables.csv,23,11,-,-,True,79.54
padded_cdi_ca_1956_wk_prov_dbs_Part27_tables.csv,23,12,1,-,False,71.88
padded_cdi_ca_1956_wk_prov_dbs_Part27_tables.csv,23,13,-,-,True,84.81
padded_cdi_ca_1956_wk_prov_dbs_Part27_tables.csv,23,14,1,-,False,43.24
padded_cdi_ca_1956_wk_prov_dbs_Part27_tables.csv,23,15,-,-,True,85.30
padded_cdi_ca_1956_wk_prov_dbs_Part27_tables.csv,23,16,6,-,False,46.31
padded_cdi_ca_1956_wk_prov_dbs_Part27_tables.csv,23,17,-,-,True,82.62
padded_cdi_ca_1956_wk_prov_dbs_Part27_tables.csv,23,18,-,-,True,22.24
padded_cdi_ca_1956_wk_prov_dbs_Part27_tables.csv,23,19,1,-,False,85.40
padded_cdi_ca_1956_wk_prov_dbs_Part27_tables.csv,23,20,10,-,False,79.69
padded_cdi_ca_1956_wk_prov_dbs_Part27_tables.csv,23,21,14,-,False,76.37
padded_cdi_ca_1956_wk_prov_dbs_Part27_tables.csv,23,22,17,-,False,85.69
padded_cdi_ca_1956_wk_prov_dbs_Part27_tables.csv,23,23,7,-,False,65.43
padded_cdi_ca_1956_wk_prov_dbs_Part27_tables.csv,23,24,5,-,False,85.60
padded_cdi_ca_1956_wk_prov_dbs_Part27_tables.csv,23,25,14,1,False,46.31
padded_cdi_ca_1956_wk_prov_dbs_Part27_tables.csv,23,26,1,-,False,85.01
padded_cdi_ca_1956_wk_prov_dbs_Part27_tables.csv,23,27,2,-,False,68.46
padded_cdi_ca_1956_wk_prov_dbs_Part27_tables.csv,23,28,2,-,False,86.04
padded_cdi_ca_1956_wk_prov_dbs_Part27_tables.csv,23,29,1,-,False,70.36
padded_cdi_ca_1956_wk_prov_dbs_Part27_tables.csv,23,30,2,-,False,61.87
padded_cdi_ca_1956_wk_prov_dbs_Part27_tables.csv,23,31,5,-,False,84.13
padded_cdi_ca_1956_wk_prov_dbs_Part27_tables.csv,23,32,-,-,True,61.72
padded_cdi_ca_1956_wk_prov_dbs_Part27_tables.csv,23,33,1,1,True,80.32
padded_cdi_ca_1956_wk_prov_dbs_Part27_tables.csv,23,34,2,-,False,28.47
padded_cdi_ca_1956_wk_prov_dbs_Part27_tables.csv,23,35,3,-,False,85.16
padded_cdi_ca_1956_wk_prov_dbs_Part27_tables.csv,23,36,6,-,False,80.22
padded_cdi_ca_1956_wk_prov_dbs_Part27_tables.csv,23,37,6,-,False,78.96
padded_cdi_ca_1956_wk_prov_dbs_Part27_tables.csv,23,38,25,24,False,80.66
padded_cdi_ca_1956_wk_prov_dbs_Part27_tables.csv,24,0,26,25,False,70.85
padded_cdi_ca_1956_wk_prov_dbs_Part27_tables.csv,24,1,Gonorrhoea,(c) '' other,False,34.55
padded_cdi_ca_1956_wk_prov_dbs_Part27_tables.csv,24,2,242,27,False,76.12
padded_cdi_ca_1956_wk_prov_dbs_Part27_tables.csv,24,3,241,30,False,73.54
padded_cdi_ca_1956_wk_prov_dbs_Part27_tables.csv,24,4,285,64,False,77.64
padded_cdi_ca_1956_wk_prov_dbs_Part27_tables.csv,24,5,"7,177",979,False,79.35
padded_cdi_ca_1956_wk_prov_dbs_Part27_tables.csv,24,6,"7,312",1280,False,35.72
padded_cdi_ca_1956_wk_prov_dbs_Part27_tables.csv,24,7,"7,312",1424,False,81.35
padded_cdi_ca_1956_wk_prov_dbs_Part27_tables.csv,24,8,-,4,False,75.73
padded_cdi_ca_1956_wk_prov_dbs_Part27_tables.csv,24,9,2,-,False,53.27
padded_cdi_ca_1956_wk_prov_dbs_Part27_tables.csv,24,10,10,2,False,80.18
padded_cdi_ca_1956_wk_prov_dbs_Part27_tables.csv,24,11,-,-,True,73.93
padded_cdi_ca_1956_wk_prov_dbs_Part27_tables.csv,24,12,-,-,True,66.80
padded_cdi_ca_1956_wk_prov_dbs_Part27_tables.csv,24,13,1,-,False,78.81
padded_cdi_ca_1956_wk_prov_dbs_Part27_tables.csv,24,14,16,1,False,40.19
padded_cdi_ca_1956_wk_prov_dbs_Part27_tables.csv,24,15,2,-,False,79.30
padded_cdi_ca_1956_wk_prov_dbs_Part27_tables.csv,24,16,7,6,False,43.04
padded_cdi_ca_1956_wk_prov_dbs_Part27_tables.csv,24,17,6,-,False,76.81
padded_cdi_ca_1956_wk_prov_dbs_Part27_tables.csv,24,18,6,-,False,20.67
padded_cdi_ca_1956_wk_prov_dbs_Part27_tables.csv,24,19,2,1,False,79.35
padded_cdi_ca_1956_wk_prov_dbs_Part27_tables.csv,24,20,44,10,False,74.07
padded_cdi_ca_1956_wk_prov_dbs_Part27_tables.csv,24,21,32,14,False,70.95
padded_cdi_ca_1956_wk_prov_dbs_Part27_tables.csv,24,22,44,17,False,79.64
padded_cdi_ca_1956_wk_prov_dbs_Part27_tables.csv,24,23,23,7,False,60.84
padded_cdi_ca_1956_wk_prov_dbs_Part27_tables.csv,24,24,24,5,False,79.59
padded_cdi_ca_1956_wk_prov_dbs_Part27_tables.csv,24,25,39,14,False,43.04
padded_cdi_ca_1956_wk_prov_dbs_Part27_tables.csv,24,26,20,1,False,79.00
padded_cdi_ca_1956_wk_prov_dbs_Part27_tables.csv,24,27,15,2,False,63.62
padded_cdi_ca_1956_wk_prov_dbs_Part27_tables.csv,24,28,31,2,False,79.93
padded_cdi_ca_1956_wk_prov_dbs_Part27_tables.csv,24,29,25,1,False,65.38
padded_cdi_ca_1956_wk_prov_dbs_Part27_tables.csv,24,30,27,2,False,57.52
padded_cdi_ca_1956_wk_prov_dbs_Part27_tables.csv,24,31,34,5,False,78.17
padded_cdi_ca_1956_wk_prov_dbs_Part27_tables.csv,24,32,42,-,False,57.37
padded_cdi_ca_1956_wk_prov_dbs_Part27_tables.csv,24,33,52,1,False,74.66
padded_cdi_ca_1956_wk_prov_dbs_Part27_tables.csv,24,34,50,2,False,26.46
padded_cdi_ca_1956_wk_prov_dbs_Part27_tables.csv,24,35,66,3,False,79.15
padded_cdi_ca_1956_wk_prov_dbs_Part27_tables.csv,24,36,81,6,False,74.56
padded_cdi_ca_1956_wk_prov_dbs_Part27_tables.csv,24,37,54,6,False,73.39
padded_cdi_ca_1956_wk_prov_dbs_Part27_tables.csv,24,38,26,25,False,75.00
padded_cdi_ca_1956_wk_prov_dbs_Part27_tables.csv,25,0,27,26,False,78.71
padded_cdi_ca_1956_wk_prov_dbs_Part27_tables.csv,25,1,(d) (e) Other venereal diseases⁷,(d) Gonorrhoea,False,92.58
padded_cdi_ca_1956_wk_prov_dbs_Part27_tables.csv,25,2,-,242,False,84.52
padded_cdi_ca_1956_wk_prov_dbs_Part27_tables.csv,25,3,-,241,False,81.64
padded_cdi_ca_1956_wk_prov_dbs_Part27_tables.csv,25,4,-,285,False,86.23
padded_cdi_ca_1956_wk_prov_dbs_Part27_tables.csv,25,5,1,7177,False,88.13
padded_cdi_ca_1956_wk_prov_dbs_Part27_tables.csv,25,6,13,7312,False,39.65
padded_cdi_ca_1956_wk_prov_dbs_Part27_tables.csv,25,7,12,7312,False,90.33
padded_cdi_ca_1956_wk_prov_dbs_Part27_tables.csv,25,8,-,-,True,84.13
padded_cdi_ca_1956_wk_prov_dbs_Part27_tables.csv,25,9,-,2,False,59.13
padded_cdi_ca_1956_wk_prov_dbs_Part27_tables.csv,25,10,-,10,False,89.01
padded_cdi_ca_1956_wk_prov_dbs_Part27_tables.csv,25,11,-,-,True,82.13
padded_cdi_ca_1956_wk_prov_dbs_Part27_tables.csv,25,12,-,-,True,74.17
padded_cdi_ca_1956_wk_prov_dbs_Part27_tables.csv,25,13,-,1,False,87.55
padded_cdi_ca_1956_wk_prov_dbs_Part27_tables.csv,25,14,1,16,False,44.63
padded_cdi_ca_1956_wk_prov_dbs_Part27_tables.csv,25,15,$,2,False,88.04
padded_cdi_ca_1956_wk_prov_dbs_Part27_tables.csv,25,16,-,7,False,47.80
padded_cdi_ca_1956_wk_prov_dbs_Part27_tables.csv,25,17,-,6,False,85.30
padded_cdi_ca_1956_wk_prov_dbs_Part27_tables.csv,25,18,-,6,False,22.96
padded_cdi_ca_1956_wk_prov_dbs_Part27_tables.csv,25,19,-,2,False,88.13
padded_cdi_ca_1956_wk_prov_dbs_Part27_tables.csv,25,20,-,44,False,82.28
padded_cdi_ca_1956_wk_prov_dbs_Part27_tables.csv,25,21,-,32,False,78.81
padded_cdi_ca_1956_wk_prov_dbs_Part27_tables.csv,25,22,-,44,False,88.48
padded_cdi_ca_1956_wk_prov_dbs_Part27_tables.csv,25,23,-,23,False,67.53
padded_cdi_ca_1956_wk_prov_dbs_Part27_tables.csv,25,24,-,24,False,88.38
padded_cdi_ca_1956_wk_prov_dbs_Part27_tables.csv,25,25,-,39,False,47.80
padded_cdi_ca_1956_wk_prov_dbs_Part27_tables.csv,25,26,-,20,False,87.74
padded_cdi_ca_1956_wk_prov_dbs_Part27_tables.csv,25,27,-,15,False,70.65
padded_cdi_ca_1956_wk_prov_dbs_Part27_tables.csv,25,28,-,31,False,88.77
padded_cdi_ca_1956_wk_prov_dbs_Part27_tables.csv,25,29,-,25,False,72.66
padded_cdi_ca_1956_wk_prov_dbs_Part27_tables.csv,25,30,-,27,False,63.87
padded_cdi_ca_1956_wk_prov_dbs_Part27_tables.csv,25,31,-,34,False,86.82
padded_cdi_ca_1956_wk_prov_dbs_Part27_tables.csv,25,32,-,42,False,63.72
padded_cdi_ca_1956_wk_prov_dbs_Part27_tables.csv,25,33,-,52,False,82.91
padded_cdi_ca_1956_wk_prov_dbs_Part27_tables.csv,25,34,-,50,False,29.39
padded_cdi_ca_1956_wk_prov_dbs_Part27_tables.csv,25,35,-,66,False,87.89
padded_cdi_ca_1956_wk_prov_dbs_Part27_tables.csv,25,36,-,81,False,82.81
padded_cdi_ca_1956_wk_prov_dbs_Part27_tables.csv,25,37,-,54,False,81.49
padded_cdi_ca_1956_wk_prov_dbs_Part27_tables.csv,25,38,27,26,False,83.30
padded_cdi_ca_1956_wk_prov_dbs_Part27_tables.csv,26,0,28,27,False,50.20
padded_cdi_ca_1956_wk_prov_dbs_Part27_tables.csv,26,1,,(e) Other venereal diseases 8,False,88.38
padded_cdi_ca_1956_wk_prov_dbs_Part27_tables.csv,26,2,106,-,False,80.71
padded_cdi_ca_1956_wk_prov_dbs_Part27_tables.csv,26,3,93,-,False,77.93
padded_cdi_ca_1956_wk_prov_dbs_Part27_tables.csv,26,4,103,-,False,82.32
padded_cdi_ca_1956_wk_prov_dbs_Part27_tables.csv,26,5,"4,586",1,False,84.13
padded_cdi_ca_1956_wk_prov_dbs_Part27_tables.csv,26,6,"7,146",13,False,37.87
padded_cdi_ca_1956_wk_prov_dbs_Part27_tables.csv,26,7,"4,464",12,False,86.23
padded_cdi_ca_1956_wk_prov_dbs_Part27_tables.csv,26,8,2,-,False,80.32
padded_cdi_ca_1956_wk_prov_dbs_Part27_tables.csv,26,9,I,-,False,56.45
padded_cdi_ca_1956_wk_prov_dbs_Part27_tables.csv,26,10,-,-,True,84.96
padded_cdi_ca_1956_wk_prov_dbs_Part27_tables.csv,26,11,8,-,False,78.37
padded_cdi_ca_1956_wk_prov_dbs_Part27_tables.csv,26,12,13,-,False,70.80
padded_cdi_ca_1956_wk_prov_dbs_Part27_tables.csv,26,13,1,-,False,83.54
padded_cdi_ca_1956_wk_prov_dbs_Part27_tables.csv,26,14,3,-,False,42.60
padded_cdi_ca_1956_wk_prov_dbs_Part27_tables.csv,26,15,2,-,False,84.03
padded_cdi_ca_1956_wk_prov_dbs_Part27_tables.csv,26,16,2,-,False,45.63
padded_cdi_ca_1956_wk_prov_dbs_Part27_tables.csv,26,17,-,-,True,81.40
padded_cdi_ca_1956_wk_prov_dbs_Part27_tables.csv,26,18,-,-,True,21.91
padded_cdi_ca_1956_wk_prov_dbs_Part27_tables.csv,26,19,-,-,True,84.13
padded_cdi_ca_1956_wk_prov_dbs_Part27_tables.csv,26,20,45,-,False,78.52
padded_cdi_ca_1956_wk_prov_dbs_Part27_tables.csv,26,21,23,-,False,75.20
padded_cdi_ca_1956_wk_prov_dbs_Part27_tables.csv,26,22,45,-,False,84.42
padded_cdi_ca_1956_wk_prov_dbs_Part27_tables.csv,26,23,&,-,False,64.50
padded_cdi_ca_1956_wk_prov_dbs_Part27_tables.csv,26,24,9,-,False,84.38
padded_cdi_ca_1956_wk_prov_dbs_Part27_tables.csv,26,25,29,-,False,45.63
padded_cdi_ca_1956_wk_prov_dbs_Part27_tables.csv,26,26,2,-,False,83.79
padded_cdi_ca_1956_wk_prov_dbs_Part27_tables.csv,26,27,16,-,False,67.48
padded_cdi_ca_1956_wk_prov_dbs_Part27_tables.csv,26,28,3,-,False,84.77
padded_cdi_ca_1956_wk_prov_dbs_Part27_tables.csv,26,29,10,-,False,69.34
padded_cdi_ca_1956_wk_prov_dbs_Part27_tables.csv,26,30,5.,-,False,60.94
padded_cdi_ca_1956_wk_prov_dbs_Part27_tables.csv,26,31,2,-,False,82.86
padded_cdi_ca_1956_wk_prov_dbs_Part27_tables.csv,26,32,2,-,False,60.84
padded_cdi_ca_1956_wk_prov_dbs_Part27_tables.csv,26,33,1,-,False,79.15
padded_cdi_ca_1956_wk_prov_dbs_Part27_tables.csv,26,34,9,-,False,28.05
padded_cdi_ca_1956_wk_prov_dbs_Part27_tables.csv,26,35,26,-,False,83.89
padded_cdi_ca_1956_wk_prov_dbs_Part27_tables.csv,26,36,24,-,False,79.05
padded_cdi_ca_1956_wk_prov_dbs_Part27_tables.csv,26,37,12,-,False,77.78
padded_cdi_ca_1956_wk_prov_dbs_Part27_tables.csv,26,38,28,27,False,79.49
padded_cdi_ca_1956_wk_prov_dbs_Part27_tables.csv,27,0,,28,False,50.20
padded_cdi_ca_1956_wk_prov_dbs_Part27_tables.csv,27,1,Whooping cough,Whooping cough,True,62.55
padded_cdi_ca_1956_wk_prov_dbs_Part27_tables.csv,27,2,,106,False,57.13
padded_cdi_ca_1956_wk_prov_dbs_Part27_tables.csv,27,3,,93,False,55.18
padded_cdi_ca_1956_wk_prov_dbs_Part27_tables.csv,27,4,,103,False,58.25
padded_cdi_ca_1956_wk_prov_dbs_Part27_tables.csv,27,5,,4586,False,59.57
padded_cdi_ca_1956_wk_prov_dbs_Part27_tables.csv,27,6,,7146,False,26.81
padded_cdi_ca_1956_wk_prov_dbs_Part27_tables.csv,27,7,,4464,False,61.04
padded_cdi_ca_1956_wk_prov_dbs_Part27_tables.csv,27,8,,2,False,56.84
padded_cdi_ca_1956_wk_prov_dbs_Part27_tables.csv,27,9,,-,False,39.97
padded_cdi_ca_1956_wk_prov_dbs_Part27_tables.csv,27,10,,-,False,60.16
padded_cdi_ca_1956_wk_prov_dbs_Part27_tables.csv,27,11,,8,False,55.47
padded_cdi_ca_1956_wk_prov_dbs_Part27_tables.csv,27,12,,13,False,50.10
padded_cdi_ca_1956_wk_prov_dbs_Part27_tables.csv,27,13,,1,False,59.13
padded_cdi_ca_1956_wk_prov_dbs_Part27_tables.csv,27,14,,3,False,30.15
padded_cdi_ca_1956_wk_prov_dbs_Part27_tables.csv,27,15,,2,False,59.47
padded_cdi_ca_1956_wk_prov_dbs_Part27_tables.csv,27,16,,2,False,32.30
padded_cdi_ca_1956_wk_prov_dbs_Part27_tables.csv,27,17,,-,False,57.62
padded_cdi_ca_1956_wk_prov_dbs_Part27_tables.csv,27,18,,-,False,15.52
padded_cdi_ca_1956_wk_prov_dbs_Part27_tables.csv,27,19,,-,False,59.57
padded_cdi_ca_1956_wk_prov_dbs_Part27_tables.csv,27,20,,45,False,55.57
padded_cdi_ca_1956_wk_prov_dbs_Part27_tables.csv,27,21,,23,False,53.22
padded_cdi_ca_1956_wk_prov_dbs_Part27_tables.csv,27,22,,45,False,59.77
padded_cdi_ca_1956_wk_prov_dbs_Part27_tables.csv,27,23,,8,False,45.65
padded_cdi_ca_1956_wk_prov_dbs_Part27_tables.csv,27,24,,9,False,59.72
padded_cdi_ca_1956_wk_prov_dbs_Part27_tables.csv,27,25,,29,False,32.30
padded_cdi_ca_1956_wk_prov_dbs_Part27_tables.csv,27,26,,2,False,59.28
padded_cdi_ca_1956_wk_prov_dbs_Part27_tables.csv,27,27,,16,False,47.75
padded_cdi_ca_1956_wk_prov_dbs_Part27_tables.csv,27,28,,3,False,60.01
padded_cdi_ca_1956_wk_prov_dbs_Part27_tables.csv,27,29,,10,False,49.07
padded_cdi_ca_1956_wk_prov_dbs_Part27_tables.csv,27,30,,5,False,43.14
padded_cdi_ca_1956_wk_prov_dbs_Part27_tables.csv,27,31,,2,False,58.69
padded_cdi_ca_1956_wk_prov_dbs_Part27_tables.csv,27,32,,2,False,43.07
padded_cdi_ca_1956_wk_prov_dbs_Part27_tables.csv,27,33,,1,False,56.01
padded_cdi_ca_1956_wk_prov_dbs_Part27_tables.csv,27,34,,9,False,19.86
padded_cdi_ca_1956_wk_prov_dbs_Part27_tables.csv,27,35,,26,False,59.38
padded_cdi_ca_1956_wk_prov_dbs_Part27_tables.csv,27,36,,24,False,55.96
padded_cdi_ca_1956_wk_prov_dbs_Part27_tables.csv,27,37,,12,False,55.08
padded_cdi_ca_1956_wk_prov_dbs_Part27_tables.csv,27,38,,28,False,56.25
