file_name,row_index,col_index,AWS_Value,Manual_Value,Equal,Equal_No_Commas_No_Spaces,Equal_Shifted,Only_Numbers_Equal_Or_Shifted,Any_Equality,Confidence_Value
padded_cdi_ca_1956_wk_prov_dbs_Part7_tables.csv,0,0,1.0,1,True,False,False,False,True,85.01
padded_cdi_ca_1956_wk_prov_dbs_Part7_tables.csv,0,1,Chickenpox,Chickenpox,True,True,True,True,True,91.85
padded_cdi_ca_1956_wk_prov_dbs_Part7_tables.csv,0,2,"1,303",1303,False,True,True,True,True,83.74
padded_cdi_ca_1956_wk_prov_dbs_Part7_tables.csv,0,3,"1,279",1279,False,True,True,True,True,86.23
padded_cdi_ca_1956_wk_prov_dbs_Part7_tables.csv,0,4,"1,275",1275,False,True,True,True,True,89.75
padded_cdi_ca_1956_wk_prov_dbs_Part7_tables.csv,0,5,"8,716",8716,False,True,True,True,True,90.92
padded_cdi_ca_1956_wk_prov_dbs_Part7_tables.csv,0,6,"7,941",7941,False,True,True,True,True,85.94
padded_cdi_ca_1956_wk_prov_dbs_Part7_tables.csv,0,7,"9,663",9663,False,True,True,True,True,90.38
padded_cdi_ca_1956_wk_prov_dbs_Part7_tables.csv,0,8,3,3,True,True,True,True,True,84.67
padded_cdi_ca_1956_wk_prov_dbs_Part7_tables.csv,0,9,1,1,True,True,True,True,True,37.7
padded_cdi_ca_1956_wk_prov_dbs_Part7_tables.csv,0,10,2,2,True,True,True,True,True,86.52
padded_cdi_ca_1956_wk_prov_dbs_Part7_tables.csv,0,11,1,1,True,True,True,True,True,78.12
padded_cdi_ca_1956_wk_prov_dbs_Part7_tables.csv,0,12,1,1,True,True,True,True,True,83.11
padded_cdi_ca_1956_wk_prov_dbs_Part7_tables.csv,0,13,7,7,True,True,True,True,True,86.52
padded_cdi_ca_1956_wk_prov_dbs_Part7_tables.csv,0,14,62,62,True,True,True,True,True,29.05
padded_cdi_ca_1956_wk_prov_dbs_Part7_tables.csv,0,15,34,34,True,True,True,True,True,84.81
padded_cdi_ca_1956_wk_prov_dbs_Part7_tables.csv,0,16,22,22,True,True,True,True,True,21.23
padded_cdi_ca_1956_wk_prov_dbs_Part7_tables.csv,0,17,-,-,True,True,True,True,True,85.79
padded_cdi_ca_1956_wk_prov_dbs_Part7_tables.csv,0,18,-,-,True,True,True,True,True,20.21
padded_cdi_ca_1956_wk_prov_dbs_Part7_tables.csv,0,19,-,-,True,True,True,True,True,85.01
padded_cdi_ca_1956_wk_prov_dbs_Part7_tables.csv,0,20,340,340,True,True,True,True,True,86.13
padded_cdi_ca_1956_wk_prov_dbs_Part7_tables.csv,0,21,391,391,True,True,True,True,True,25.9
padded_cdi_ca_1956_wk_prov_dbs_Part7_tables.csv,0,22,275,275,True,True,True,True,True,88.13
padded_cdi_ca_1956_wk_prov_dbs_Part7_tables.csv,0,23,543,543,True,True,True,True,True,41.46
padded_cdi_ca_1956_wk_prov_dbs_Part7_tables.csv,0,24,613,613,True,True,True,True,True,85.79
padded_cdi_ca_1956_wk_prov_dbs_Part7_tables.csv,0,25,607,607,True,True,True,True,True,33.01
padded_cdi_ca_1956_wk_prov_dbs_Part7_tables.csv,0,26,49,49,True,True,True,True,True,88.92
padded_cdi_ca_1956_wk_prov_dbs_Part7_tables.csv,0,27,27,27,True,True,True,True,True,47.14
padded_cdi_ca_1956_wk_prov_dbs_Part7_tables.csv,0,28,33,33,True,True,True,True,True,79.74
padded_cdi_ca_1956_wk_prov_dbs_Part7_tables.csv,0,29,:,..,False,False,False,False,,76.66
padded_cdi_ca_1956_wk_prov_dbs_Part7_tables.csv,0,30,2,2,True,True,True,True,True,76.76
padded_cdi_ca_1956_wk_prov_dbs_Part7_tables.csv,0,31,47,47,True,True,True,True,True,86.47
padded_cdi_ca_1956_wk_prov_dbs_Part7_tables.csv,0,32,,..,False,False,False,False,,30.08
padded_cdi_ca_1956_wk_prov_dbs_Part7_tables.csv,0,33,:.,..,False,False,False,False,,87.4
padded_cdi_ca_1956_wk_prov_dbs_Part7_tables.csv,0,34,68,68,True,True,True,True,True,77.88
padded_cdi_ca_1956_wk_prov_dbs_Part7_tables.csv,0,35,305,305,True,True,True,True,True,88.28
padded_cdi_ca_1956_wk_prov_dbs_Part7_tables.csv,0,36,210,210,True,True,True,True,True,83.4
padded_cdi_ca_1956_wk_prov_dbs_Part7_tables.csv,0,37,189,189,True,True,True,True,True,80.91
padded_cdi_ca_1956_wk_prov_dbs_Part7_tables.csv,0,38,1,1,False,True,True,True,True,85.01
padded_cdi_ca_1956_wk_prov_dbs_Part7_tables.csv,1,0,2.0,2,True,False,False,False,True,76.95
padded_cdi_ca_1956_wk_prov_dbs_Part7_tables.csv,1,1,Diphtheria,Diphtheria,True,True,True,True,True,83.2
padded_cdi_ca_1956_wk_prov_dbs_Part7_tables.csv,1,2,2,2,True,True,True,True,True,75.83
padded_cdi_ca_1956_wk_prov_dbs_Part7_tables.csv,1,3,3,3,True,True,True,True,True,78.12
padded_cdi_ca_1956_wk_prov_dbs_Part7_tables.csv,1,4,1,1,True,True,True,True,True,81.25
padded_cdi_ca_1956_wk_prov_dbs_Part7_tables.csv,1,5,24,24,True,True,True,True,True,82.37
padded_cdi_ca_1956_wk_prov_dbs_Part7_tables.csv,1,6,21,21,True,True,True,True,True,77.83
padded_cdi_ca_1956_wk_prov_dbs_Part7_tables.csv,1,7,21,21,True,True,True,True,True,81.84
padded_cdi_ca_1956_wk_prov_dbs_Part7_tables.csv,1,8,-,-,True,True,True,True,True,76.71
padded_cdi_ca_1956_wk_prov_dbs_Part7_tables.csv,1,9,-,-,True,True,True,True,True,34.16
padded_cdi_ca_1956_wk_prov_dbs_Part7_tables.csv,1,10,-,-,True,True,True,True,True,78.37
padded_cdi_ca_1956_wk_prov_dbs_Part7_tables.csv,1,11,-,-,True,True,True,True,True,70.75
padded_cdi_ca_1956_wk_prov_dbs_Part7_tables.csv,1,12,-,-,True,True,True,True,True,75.24
padded_cdi_ca_1956_wk_prov_dbs_Part7_tables.csv,1,13,-,-,True,True,True,True,True,78.37
padded_cdi_ca_1956_wk_prov_dbs_Part7_tables.csv,1,14,-,-,True,True,True,True,True,26.32
padded_cdi_ca_1956_wk_prov_dbs_Part7_tables.csv,1,15,-,-,True,True,True,True,True,76.81
padded_cdi_ca_1956_wk_prov_dbs_Part7_tables.csv,1,16,-,-,True,True,True,True,True,19.23
padded_cdi_ca_1956_wk_prov_dbs_Part7_tables.csv,1,17,-,-,True,True,True,True,True,77.69
padded_cdi_ca_1956_wk_prov_dbs_Part7_tables.csv,1,18,-,-,True,True,True,True,True,18.31
padded_cdi_ca_1956_wk_prov_dbs_Part7_tables.csv,1,19,-,-,True,True,True,True,True,76.95
padded_cdi_ca_1956_wk_prov_dbs_Part7_tables.csv,1,20,-,-,True,True,True,True,True,78.03
padded_cdi_ca_1956_wk_prov_dbs_Part7_tables.csv,1,21,3,3,True,True,True,True,True,23.46
padded_cdi_ca_1956_wk_prov_dbs_Part7_tables.csv,1,22,-,-,True,True,True,True,True,79.83
padded_cdi_ca_1956_wk_prov_dbs_Part7_tables.csv,1,23,-,-,True,True,True,True,True,37.55
padded_cdi_ca_1956_wk_prov_dbs_Part7_tables.csv,1,24,-,-,True,True,True,True,True,77.69
padded_cdi_ca_1956_wk_prov_dbs_Part7_tables.csv,1,25,-,-,True,True,True,True,True,29.91
padded_cdi_ca_1956_wk_prov_dbs_Part7_tables.csv,1,26,-,-,True,True,True,True,True,80.52
padded_cdi_ca_1956_wk_prov_dbs_Part7_tables.csv,1,27,-,-,True,True,True,True,True,42.7
padded_cdi_ca_1956_wk_prov_dbs_Part7_tables.csv,1,28,-,-,True,True,True,True,True,72.22
padded_cdi_ca_1956_wk_prov_dbs_Part7_tables.csv,1,29,-,-,True,True,True,True,True,69.43
padded_cdi_ca_1956_wk_prov_dbs_Part7_tables.csv,1,30,-,-,True,True,True,True,True,69.53
padded_cdi_ca_1956_wk_prov_dbs_Part7_tables.csv,1,31,-,-,True,True,True,True,True,78.32
padded_cdi_ca_1956_wk_prov_dbs_Part7_tables.csv,1,32,2,2,True,True,True,True,True,27.25
padded_cdi_ca_1956_wk_prov_dbs_Part7_tables.csv,1,33,-,-,True,True,True,True,True,79.15
padded_cdi_ca_1956_wk_prov_dbs_Part7_tables.csv,1,34,-,-,True,True,True,True,True,70.56
padded_cdi_ca_1956_wk_prov_dbs_Part7_tables.csv,1,35,-,-,True,True,True,True,True,79.98
padded_cdi_ca_1956_wk_prov_dbs_Part7_tables.csv,1,36,-,-,True,True,True,True,True,75.54
padded_cdi_ca_1956_wk_prov_dbs_Part7_tables.csv,1,37,-,-,True,True,True,True,True,73.24
padded_cdi_ca_1956_wk_prov_dbs_Part7_tables.csv,1,38,2,2,False,True,True,True,True,76.95
padded_cdi_ca_1956_wk_prov_dbs_Part7_tables.csv,2,0,3.0,3,True,False,False,False,True,81.88
padded_cdi_ca_1956_wk_prov_dbs_Part7_tables.csv,2,1,Dysentery:4,Dysentery: 4,False,True,True,True,True,88.48
padded_cdi_ca_1956_wk_prov_dbs_Part7_tables.csv,2,2,6,6,True,True,True,True,True,80.66
padded_cdi_ca_1956_wk_prov_dbs_Part7_tables.csv,2,3,2,2,True,True,True,True,True,83.06
padded_cdi_ca_1956_wk_prov_dbs_Part7_tables.csv,2,4,12,12,True,True,True,True,True,86.43
padded_cdi_ca_1956_wk_prov_dbs_Part7_tables.csv,2,5,63,63,True,True,True,True,True,87.6
padded_cdi_ca_1956_wk_prov_dbs_Part7_tables.csv,2,6,48,48,True,True,True,True,True,82.81
padded_cdi_ca_1956_wk_prov_dbs_Part7_tables.csv,2,7,68,68,True,True,True,True,True,87.06
padded_cdi_ca_1956_wk_prov_dbs_Part7_tables.csv,2,8,-,-,True,True,True,True,True,81.54
padded_cdi_ca_1956_wk_prov_dbs_Part7_tables.csv,2,9,-,-,True,True,True,True,True,36.33
padded_cdi_ca_1956_wk_prov_dbs_Part7_tables.csv,2,10,-,-,True,True,True,True,True,83.35
padded_cdi_ca_1956_wk_prov_dbs_Part7_tables.csv,2,11,1,1,True,True,True,True,True,75.24
padded_cdi_ca_1956_wk_prov_dbs_Part7_tables.csv,2,12,-,-,True,True,True,True,True,80.03
padded_cdi_ca_1956_wk_prov_dbs_Part7_tables.csv,2,13,-,-,True,True,True,True,True,83.35
padded_cdi_ca_1956_wk_prov_dbs_Part7_tables.csv,2,14,-,-,True,True,True,True,True,27.98
padded_cdi_ca_1956_wk_prov_dbs_Part7_tables.csv,2,15,-,-,True,True,True,True,True,81.69
padded_cdi_ca_1956_wk_prov_dbs_Part7_tables.csv,2,16,-,-,True,True,True,True,True,20.45
padded_cdi_ca_1956_wk_prov_dbs_Part7_tables.csv,2,17,:.,..,False,False,False,False,,82.62
padded_cdi_ca_1956_wk_prov_dbs_Part7_tables.csv,2,18,: .,..,False,False,False,False,,19.47
padded_cdi_ca_1956_wk_prov_dbs_Part7_tables.csv,2,19,:.,..,False,False,False,False,,81.88
padded_cdi_ca_1956_wk_prov_dbs_Part7_tables.csv,2,20,:,..,False,False,False,False,,82.96
padded_cdi_ca_1956_wk_prov_dbs_Part7_tables.csv,2,21,1,1,True,True,True,True,True,24.94
padded_cdi_ca_1956_wk_prov_dbs_Part7_tables.csv,2,22,1,1,True,True,True,True,True,84.86
padded_cdi_ca_1956_wk_prov_dbs_Part7_tables.csv,2,23,-,-,True,True,True,True,True,39.94
padded_cdi_ca_1956_wk_prov_dbs_Part7_tables.csv,2,24,-,-,True,True,True,True,True,82.62
padded_cdi_ca_1956_wk_prov_dbs_Part7_tables.csv,2,25,2,2,True,True,True,True,True,31.79
padded_cdi_ca_1956_wk_prov_dbs_Part7_tables.csv,2,26,1,1,True,True,True,True,True,85.64
padded_cdi_ca_1956_wk_prov_dbs_Part7_tables.csv,2,27,-,-,True,True,True,True,True,45.41
padded_cdi_ca_1956_wk_prov_dbs_Part7_tables.csv,2,28,-,-,True,True,True,True,True,76.81
padded_cdi_ca_1956_wk_prov_dbs_Part7_tables.csv,2,29,-,-,True,True,True,True,True,73.83
padded_cdi_ca_1956_wk_prov_dbs_Part7_tables.csv,2,30,-,-,True,True,True,True,True,73.93
padded_cdi_ca_1956_wk_prov_dbs_Part7_tables.csv,2,31,-,-,True,True,True,True,True,83.3
padded_cdi_ca_1956_wk_prov_dbs_Part7_tables.csv,2,32,-,-,True,True,True,True,True,28.98
padded_cdi_ca_1956_wk_prov_dbs_Part7_tables.csv,2,33,-,-,True,True,True,True,True,84.18
padded_cdi_ca_1956_wk_prov_dbs_Part7_tables.csv,2,34,-,-,True,True,True,True,True,75.05
padded_cdi_ca_1956_wk_prov_dbs_Part7_tables.csv,2,35,4,4,True,True,True,True,True,85.06
padded_cdi_ca_1956_wk_prov_dbs_Part7_tables.csv,2,36,1,1,True,True,True,True,True,80.32
padded_cdi_ca_1956_wk_prov_dbs_Part7_tables.csv,2,37,3,3,True,True,True,True,True,77.93
padded_cdi_ca_1956_wk_prov_dbs_Part7_tables.csv,2,38,3,3,False,True,True,True,True,81.88
padded_cdi_ca_1956_wk_prov_dbs_Part7_tables.csv,3,0,4.0,4,True,False,False,False,True,83.59
padded_cdi_ca_1956_wk_prov_dbs_Part7_tables.csv,3,1,(a) Amoebic,(a) Amoebic,True,True,True,True,True,90.33
padded_cdi_ca_1956_wk_prov_dbs_Part7_tables.csv,3,2,-,-,True,True,True,True,True,82.37
padded_cdi_ca_1956_wk_prov_dbs_Part7_tables.csv,3,3,-,-,True,True,True,True,True,84.81
padded_cdi_ca_1956_wk_prov_dbs_Part7_tables.csv,3,4,-,-,True,True,True,True,True,88.23
padded_cdi_ca_1956_wk_prov_dbs_Part7_tables.csv,3,5,-,-,True,True,True,True,True,89.4
padded_cdi_ca_1956_wk_prov_dbs_Part7_tables.csv,3,6,-,-,True,True,True,True,True,84.52
padded_cdi_ca_1956_wk_prov_dbs_Part7_tables.csv,3,7,1,1,True,True,True,True,True,88.87
padded_cdi_ca_1956_wk_prov_dbs_Part7_tables.csv,3,8,-,-,True,True,True,True,True,83.25
padded_cdi_ca_1956_wk_prov_dbs_Part7_tables.csv,3,9,-,-,True,True,True,True,True,37.08
padded_cdi_ca_1956_wk_prov_dbs_Part7_tables.csv,3,10,-,-,True,True,True,True,True,85.06
padded_cdi_ca_1956_wk_prov_dbs_Part7_tables.csv,3,11,-,-,True,True,True,True,True,76.86
padded_cdi_ca_1956_wk_prov_dbs_Part7_tables.csv,3,12,-,-,True,True,True,True,True,81.74
padded_cdi_ca_1956_wk_prov_dbs_Part7_tables.csv,3,13,-,-,True,True,True,True,True,85.06
padded_cdi_ca_1956_wk_prov_dbs_Part7_tables.csv,3,14,-,-,True,True,True,True,True,28.56
padded_cdi_ca_1956_wk_prov_dbs_Part7_tables.csv,3,15,-,-,True,True,True,True,True,83.4
padded_cdi_ca_1956_wk_prov_dbs_Part7_tables.csv,3,16,-,-,True,True,True,True,True,20.87
padded_cdi_ca_1956_wk_prov_dbs_Part7_tables.csv,3,17,...,..,False,False,False,False,,84.33
padded_cdi_ca_1956_wk_prov_dbs_Part7_tables.csv,3,18,:.,..,False,False,True,True,True,19.87
padded_cdi_ca_1956_wk_prov_dbs_Part7_tables.csv,3,19,..,..,True,True,True,True,True,83.59
padded_cdi_ca_1956_wk_prov_dbs_Part7_tables.csv,3,20,..,..,True,True,True,True,True,84.72
padded_cdi_ca_1956_wk_prov_dbs_Part7_tables.csv,3,21,,..,False,False,True,True,True,25.46
padded_cdi_ca_1956_wk_prov_dbs_Part7_tables.csv,3,22,..,..,True,True,True,True,True,86.67
padded_cdi_ca_1956_wk_prov_dbs_Part7_tables.csv,3,23,-,-,True,True,True,True,True,40.77
padded_cdi_ca_1956_wk_prov_dbs_Part7_tables.csv,3,24,-,-,True,True,True,True,True,84.33
padded_cdi_ca_1956_wk_prov_dbs_Part7_tables.csv,3,25,-,-,True,True,True,True,True,32.47
padded_cdi_ca_1956_wk_prov_dbs_Part7_tables.csv,3,26,-,-,True,True,True,True,True,87.45
padded_cdi_ca_1956_wk_prov_dbs_Part7_tables.csv,3,27,-,-,True,True,True,True,True,46.36
padded_cdi_ca_1956_wk_prov_dbs_Part7_tables.csv,3,28,-,-,True,True,True,True,True,78.42
padded_cdi_ca_1956_wk_prov_dbs_Part7_tables.csv,3,29,-,-,True,True,True,True,True,75.39
padded_cdi_ca_1956_wk_prov_dbs_Part7_tables.csv,3,30,-,-,True,True,True,True,True,75.49
padded_cdi_ca_1956_wk_prov_dbs_Part7_tables.csv,3,31,-,-,True,True,True,True,True,85.01
padded_cdi_ca_1956_wk_prov_dbs_Part7_tables.csv,3,32,-,-,True,True,True,True,True,29.59
padded_cdi_ca_1956_wk_prov_dbs_Part7_tables.csv,3,33,-,-,True,True,True,True,True,85.94
padded_cdi_ca_1956_wk_prov_dbs_Part7_tables.csv,3,34,-,-,True,True,True,True,True,76.61
padded_cdi_ca_1956_wk_prov_dbs_Part7_tables.csv,3,35,-,-,True,True,True,True,True,86.82
padded_cdi_ca_1956_wk_prov_dbs_Part7_tables.csv,3,36,-,-,True,True,True,True,True,81.98
padded_cdi_ca_1956_wk_prov_dbs_Part7_tables.csv,3,37,-,-,True,True,True,True,True,79.54
padded_cdi_ca_1956_wk_prov_dbs_Part7_tables.csv,3,38,4,4,False,True,True,True,True,83.59
padded_cdi_ca_1956_wk_prov_dbs_Part7_tables.csv,4,0,5.0,5,True,False,False,False,True,85.6
padded_cdi_ca_1956_wk_prov_dbs_Part7_tables.csv,4,1,(h) Bacillary,(b) Bacillary,False,False,False,False,,92.53
padded_cdi_ca_1956_wk_prov_dbs_Part7_tables.csv,4,2,6,6,True,True,True,True,True,84.38
padded_cdi_ca_1956_wk_prov_dbs_Part7_tables.csv,4,3,2,2,True,True,True,True,True,86.87
padded_cdi_ca_1956_wk_prov_dbs_Part7_tables.csv,4,4,9,9,True,True,True,True,True,90.38
padded_cdi_ca_1956_wk_prov_dbs_Part7_tables.csv,4,5,63,63,True,True,True,True,True,91.6
padded_cdi_ca_1956_wk_prov_dbs_Part7_tables.csv,4,6,48,48,True,True,True,True,True,86.57
padded_cdi_ca_1956_wk_prov_dbs_Part7_tables.csv,4,7,64,64,True,True,True,True,True,91.02
padded_cdi_ca_1956_wk_prov_dbs_Part7_tables.csv,4,8,-,-,True,True,True,True,True,85.3
padded_cdi_ca_1956_wk_prov_dbs_Part7_tables.csv,4,9,-,-,True,True,True,True,True,37.99
padded_cdi_ca_1956_wk_prov_dbs_Part7_tables.csv,4,10,-,-,True,True,True,True,True,87.11
padded_cdi_ca_1956_wk_prov_dbs_Part7_tables.csv,4,11,1,1,True,True,True,True,True,78.71
padded_cdi_ca_1956_wk_prov_dbs_Part7_tables.csv,4,12,-,-,True,True,True,True,True,83.69
padded_cdi_ca_1956_wk_prov_dbs_Part7_tables.csv,4,13,-,-,True,True,True,True,True,87.11
padded_cdi_ca_1956_wk_prov_dbs_Part7_tables.csv,4,14,-,-,True,True,True,True,True,29.27
padded_cdi_ca_1956_wk_prov_dbs_Part7_tables.csv,4,15,-,-,True,True,True,True,True,85.4
padded_cdi_ca_1956_wk_prov_dbs_Part7_tables.csv,4,16,-,-,True,True,True,True,True,21.37
padded_cdi_ca_1956_wk_prov_dbs_Part7_tables.csv,4,17,....,..,False,False,False,False,,86.38
padded_cdi_ca_1956_wk_prov_dbs_Part7_tables.csv,4,18,...,..,False,False,False,False,,20.36
padded_cdi_ca_1956_wk_prov_dbs_Part7_tables.csv,4,19,:.,..,False,False,True,True,True,85.6
padded_cdi_ca_1956_wk_prov_dbs_Part7_tables.csv,4,20,..,..,True,True,True,True,True,86.77
padded_cdi_ca_1956_wk_prov_dbs_Part7_tables.csv,4,21,1,1,True,True,True,True,True,26.07
padded_cdi_ca_1956_wk_prov_dbs_Part7_tables.csv,4,22,...,..,False,False,False,False,,88.77
padded_cdi_ca_1956_wk_prov_dbs_Part7_tables.csv,4,23,-,-,True,True,True,True,True,41.75
padded_cdi_ca_1956_wk_prov_dbs_Part7_tables.csv,4,24,-,-,True,True,True,True,True,86.38
padded_cdi_ca_1956_wk_prov_dbs_Part7_tables.csv,4,25,2,2,True,True,True,True,True,33.25
padded_cdi_ca_1956_wk_prov_dbs_Part7_tables.csv,4,26,1,1,True,True,True,True,True,89.55
padded_cdi_ca_1956_wk_prov_dbs_Part7_tables.csv,4,27,-,-,True,True,True,True,True,47.49
padded_cdi_ca_1956_wk_prov_dbs_Part7_tables.csv,4,28,-,-,True,True,True,True,True,80.32
padded_cdi_ca_1956_wk_prov_dbs_Part7_tables.csv,4,29,-,-,True,True,True,True,True,77.2
padded_cdi_ca_1956_wk_prov_dbs_Part7_tables.csv,4,30,-,-,True,True,True,True,True,77.29
padded_cdi_ca_1956_wk_prov_dbs_Part7_tables.csv,4,31,-,-,True,True,True,True,True,87.11
padded_cdi_ca_1956_wk_prov_dbs_Part7_tables.csv,4,32,-,-,True,True,True,True,True,30.3
padded_cdi_ca_1956_wk_prov_dbs_Part7_tables.csv,4,33,-,-,True,True,True,True,True,88.04
padded_cdi_ca_1956_wk_prov_dbs_Part7_tables.csv,4,34,-,-,True,True,True,True,True,78.47
padded_cdi_ca_1956_wk_prov_dbs_Part7_tables.csv,4,35,4,4,True,True,True,True,True,88.96
padded_cdi_ca_1956_wk_prov_dbs_Part7_tables.csv,4,36,1,1,True,True,True,True,True,83.98
padded_cdi_ca_1956_wk_prov_dbs_Part7_tables.csv,4,37,3,3,True,True,True,True,True,81.49
padded_cdi_ca_1956_wk_prov_dbs_Part7_tables.csv,4,38,5,5,False,True,True,True,True,85.6
padded_cdi_ca_1956_wk_prov_dbs_Part7_tables.csv,5,0,6.0,6,True,False,False,False,True,84.13
padded_cdi_ca_1956_wk_prov_dbs_Part7_tables.csv,5,1,Encephalitis,"Encephalitis, infectious",False,False,False,False,,90.97
padded_cdi_ca_1956_wk_prov_dbs_Part7_tables.csv,5,2, infectious,-,False,False,True,True,True,82.91
padded_cdi_ca_1956_wk_prov_dbs_Part7_tables.csv,5,3,-,1,False,False,True,True,True,85.4
padded_cdi_ca_1956_wk_prov_dbs_Part7_tables.csv,5,4,1,1,True,True,True,True,True,88.87
padded_cdi_ca_1956_wk_prov_dbs_Part7_tables.csv,5,5,1,3,False,False,True,True,True,90.04
padded_cdi_ca_1956_wk_prov_dbs_Part7_tables.csv,5,6,3,4,False,False,True,True,True,85.11
padded_cdi_ca_1956_wk_prov_dbs_Part7_tables.csv,5,7,4,4,True,True,True,True,True,89.5
padded_cdi_ca_1956_wk_prov_dbs_Part7_tables.csv,5,8,4,-,False,False,True,True,True,83.84
padded_cdi_ca_1956_wk_prov_dbs_Part7_tables.csv,5,9,-,-,True,True,True,True,True,37.33
padded_cdi_ca_1956_wk_prov_dbs_Part7_tables.csv,5,10,-,-,True,True,True,True,True,85.64
padded_cdi_ca_1956_wk_prov_dbs_Part7_tables.csv,5,11,-,..,False,False,False,False,,77.34
padded_cdi_ca_1956_wk_prov_dbs_Part7_tables.csv,5,12,...,..,False,False,False,False,,82.28
padded_cdi_ca_1956_wk_prov_dbs_Part7_tables.csv,5,13,A.P,..,False,False,False,False,,85.64
padded_cdi_ca_1956_wk_prov_dbs_Part7_tables.csv,5,14,...,-,False,False,True,True,True,28.76
padded_cdi_ca_1956_wk_prov_dbs_Part7_tables.csv,5,15,-,-,True,True,True,True,True,83.98
padded_cdi_ca_1956_wk_prov_dbs_Part7_tables.csv,5,16,-,-,True,True,True,True,True,21.02
padded_cdi_ca_1956_wk_prov_dbs_Part7_tables.csv,5,17,-,-,True,True,True,True,True,84.91
padded_cdi_ca_1956_wk_prov_dbs_Part7_tables.csv,5,18,-,-,True,True,True,True,True,20.01
padded_cdi_ca_1956_wk_prov_dbs_Part7_tables.csv,5,19,-,-,True,True,True,True,True,84.13
padded_cdi_ca_1956_wk_prov_dbs_Part7_tables.csv,5,20,-,..,False,False,False,False,,85.3
padded_cdi_ca_1956_wk_prov_dbs_Part7_tables.csv,5,21,...,..,False,False,False,False,,25.63
padded_cdi_ca_1956_wk_prov_dbs_Part7_tables.csv,5,22,...,..,False,False,True,True,True,87.26
padded_cdi_ca_1956_wk_prov_dbs_Part7_tables.csv,5,23,..,..,True,True,True,True,True,41.04
padded_cdi_ca_1956_wk_prov_dbs_Part7_tables.csv,5,24,:,1,False,False,True,True,True,84.91
padded_cdi_ca_1956_wk_prov_dbs_Part7_tables.csv,5,25,1,..,False,False,False,False,,32.69
padded_cdi_ca_1956_wk_prov_dbs_Part7_tables.csv,5,26,:,-,False,False,True,True,True,88.04
padded_cdi_ca_1956_wk_prov_dbs_Part7_tables.csv,5,27,-,-,True,True,True,True,True,46.68
padded_cdi_ca_1956_wk_prov_dbs_Part7_tables.csv,5,28,-,-,True,True,True,True,True,78.96
padded_cdi_ca_1956_wk_prov_dbs_Part7_tables.csv,5,29,-,-,True,True,True,True,True,75.88
padded_cdi_ca_1956_wk_prov_dbs_Part7_tables.csv,5,30,-,-,True,True,True,True,True,75.98
padded_cdi_ca_1956_wk_prov_dbs_Part7_tables.csv,5,31,-,1,False,False,True,True,True,85.6
padded_cdi_ca_1956_wk_prov_dbs_Part7_tables.csv,5,32,1,-,False,False,True,True,True,29.79
padded_cdi_ca_1956_wk_prov_dbs_Part7_tables.csv,5,33,-,-,True,True,True,True,True,86.52
padded_cdi_ca_1956_wk_prov_dbs_Part7_tables.csv,5,34,-,-,True,True,True,True,True,77.15
padded_cdi_ca_1956_wk_prov_dbs_Part7_tables.csv,5,35,-,-,True,True,True,True,True,87.45
padded_cdi_ca_1956_wk_prov_dbs_Part7_tables.csv,5,36,-,-,True,True,True,True,True,82.57
padded_cdi_ca_1956_wk_prov_dbs_Part7_tables.csv,5,37,-,-,True,True,True,True,True,80.08
padded_cdi_ca_1956_wk_prov_dbs_Part7_tables.csv,5,38,-,6,False,False,False,False,,84.13
padded_cdi_ca_1956_wk_prov_dbs_Part7_tables.csv,6,0,7.0,7,True,False,False,False,True,84.03
padded_cdi_ca_1956_wk_prov_dbs_Part7_tables.csv,6,1,Influenza,"Influenza, epidemic",False,False,False,False,,90.82
padded_cdi_ca_1956_wk_prov_dbs_Part7_tables.csv,6,2, epidemic,205,False,False,True,True,True,82.81
padded_cdi_ca_1956_wk_prov_dbs_Part7_tables.csv,6,3,205,97,False,False,True,True,True,85.25
padded_cdi_ca_1956_wk_prov_dbs_Part7_tables.csv,6,4,97,324,False,False,True,True,True,88.72
padded_cdi_ca_1956_wk_prov_dbs_Part7_tables.csv,6,5,324,1334,False,False,True,True,True,89.89
padded_cdi_ca_1956_wk_prov_dbs_Part7_tables.csv,6,6,"1,334",7370,False,False,True,True,True,84.96
padded_cdi_ca_1956_wk_prov_dbs_Part7_tables.csv,6,7,"7,370",1244,False,False,True,True,True,89.36
padded_cdi_ca_1956_wk_prov_dbs_Part7_tables.csv,6,8,"1,244",..,False,False,False,False,,83.69
padded_cdi_ca_1956_wk_prov_dbs_Part7_tables.csv,6,9,...,..,False,False,False,False,,37.28
padded_cdi_ca_1956_wk_prov_dbs_Part7_tables.csv,6,10,...,..,False,False,False,False,,85.5
padded_cdi_ca_1956_wk_prov_dbs_Part7_tables.csv,6,11,...,86,False,False,True,True,True,77.25
padded_cdi_ca_1956_wk_prov_dbs_Part7_tables.csv,6,12,86,26,False,False,True,True,True,82.13
padded_cdi_ca_1956_wk_prov_dbs_Part7_tables.csv,6,13,26,..,False,False,False,False,,85.5
padded_cdi_ca_1956_wk_prov_dbs_Part7_tables.csv,6,14,...,83,False,False,True,True,True,28.71
padded_cdi_ca_1956_wk_prov_dbs_Part7_tables.csv,6,15,83,56,False,False,True,True,True,83.84
padded_cdi_ca_1956_wk_prov_dbs_Part7_tables.csv,6,16,56,67,False,False,True,True,True,20.98
padded_cdi_ca_1956_wk_prov_dbs_Part7_tables.csv,6,17,67,-,False,False,True,True,True,84.81
padded_cdi_ca_1956_wk_prov_dbs_Part7_tables.csv,6,18,-,-,True,True,True,True,True,19.98
padded_cdi_ca_1956_wk_prov_dbs_Part7_tables.csv,6,19,-,3,False,False,True,True,True,84.03
padded_cdi_ca_1956_wk_prov_dbs_Part7_tables.csv,6,20,3,-,False,False,True,True,True,85.16
padded_cdi_ca_1956_wk_prov_dbs_Part7_tables.csv,6,21,-,-,True,True,True,True,True,25.61
padded_cdi_ca_1956_wk_prov_dbs_Part7_tables.csv,6,22,-,-,True,True,True,True,True,87.11
padded_cdi_ca_1956_wk_prov_dbs_Part7_tables.csv,6,23,-,4,False,False,True,True,True,40.99
padded_cdi_ca_1956_wk_prov_dbs_Part7_tables.csv,6,24,4,5,False,False,True,True,True,84.81
padded_cdi_ca_1956_wk_prov_dbs_Part7_tables.csv,6,25,5,4,False,False,True,True,True,32.64
padded_cdi_ca_1956_wk_prov_dbs_Part7_tables.csv,6,26,4,2,False,False,True,True,True,87.89
padded_cdi_ca_1956_wk_prov_dbs_Part7_tables.csv,6,27,2,9,False,False,True,True,True,46.61
padded_cdi_ca_1956_wk_prov_dbs_Part7_tables.csv,6,28,9,2,False,False,True,True,True,78.81
padded_cdi_ca_1956_wk_prov_dbs_Part7_tables.csv,6,29,2,-,False,False,True,True,True,75.78
padded_cdi_ca_1956_wk_prov_dbs_Part7_tables.csv,6,30,-,-,True,True,True,True,True,75.88
padded_cdi_ca_1956_wk_prov_dbs_Part7_tables.csv,6,31,-,-,True,True,True,True,True,85.5
padded_cdi_ca_1956_wk_prov_dbs_Part7_tables.csv,6,32,-,..,False,False,False,False,,29.74
padded_cdi_ca_1956_wk_prov_dbs_Part7_tables.csv,6,33,,..,False,False,False,False,,86.38
padded_cdi_ca_1956_wk_prov_dbs_Part7_tables.csv,6,34,:,..,False,False,False,False,,77.0
padded_cdi_ca_1956_wk_prov_dbs_Part7_tables.csv,6,35,:,30,False,False,True,True,True,87.3
padded_cdi_ca_1956_wk_prov_dbs_Part7_tables.csv,6,36,30,1,False,False,True,True,True,82.42
padded_cdi_ca_1956_wk_prov_dbs_Part7_tables.csv,6,37,1,24,False,False,True,True,True,79.98
padded_cdi_ca_1956_wk_prov_dbs_Part7_tables.csv,6,38,24,7,False,False,False,False,False,84.03
padded_cdi_ca_1956_wk_prov_dbs_Part7_tables.csv,7,0,8.0,8,True,False,False,False,True,83.64
padded_cdi_ca_1956_wk_prov_dbs_Part7_tables.csv,7,1,Measles,Measles,True,True,True,True,True,90.43
padded_cdi_ca_1956_wk_prov_dbs_Part7_tables.csv,7,2,"1,676",1676,False,True,True,True,True,82.42
padded_cdi_ca_1956_wk_prov_dbs_Part7_tables.csv,7,3,"1,795",1795,False,True,True,True,True,84.91
padded_cdi_ca_1956_wk_prov_dbs_Part7_tables.csv,7,4,"1,941",1941,False,True,True,True,True,88.33
padded_cdi_ca_1956_wk_prov_dbs_Part7_tables.csv,7,5,"11,774",11774,False,True,True,True,True,89.5
padded_cdi_ca_1956_wk_prov_dbs_Part7_tables.csv,7,6,"10,239",10239,False,True,True,True,True,84.62
padded_cdi_ca_1956_wk_prov_dbs_Part7_tables.csv,7,7,"12,414",12414,False,True,True,True,True,88.96
padded_cdi_ca_1956_wk_prov_dbs_Part7_tables.csv,7,8,-,-,True,True,True,True,True,83.35
padded_cdi_ca_1956_wk_prov_dbs_Part7_tables.csv,7,9,18,18,True,True,True,True,True,37.11
padded_cdi_ca_1956_wk_prov_dbs_Part7_tables.csv,7,10,7,7,True,True,True,True,True,85.16
padded_cdi_ca_1956_wk_prov_dbs_Part7_tables.csv,7,11,37,37,True,True,True,True,True,76.9
padded_cdi_ca_1956_wk_prov_dbs_Part7_tables.csv,7,12,17,17,True,True,True,True,True,81.79
padded_cdi_ca_1956_wk_prov_dbs_Part7_tables.csv,7,13,2,2,True,True,True,True,True,85.16
padded_cdi_ca_1956_wk_prov_dbs_Part7_tables.csv,7,14,100,100,True,True,True,True,True,28.59
padded_cdi_ca_1956_wk_prov_dbs_Part7_tables.csv,7,15,54,54,True,True,True,True,True,83.5
padded_cdi_ca_1956_wk_prov_dbs_Part7_tables.csv,7,16,80,80,True,True,True,True,True,20.9
padded_cdi_ca_1956_wk_prov_dbs_Part7_tables.csv,7,17,-,-,True,True,True,True,True,84.42
padded_cdi_ca_1956_wk_prov_dbs_Part7_tables.csv,7,18,-,-,True,True,True,True,True,19.9
padded_cdi_ca_1956_wk_prov_dbs_Part7_tables.csv,7,19,-,-,True,True,True,True,True,83.64
padded_cdi_ca_1956_wk_prov_dbs_Part7_tables.csv,7,20,374,374,True,True,True,True,True,84.81
padded_cdi_ca_1956_wk_prov_dbs_Part7_tables.csv,7,21,672,672,True,True,True,True,True,25.49
padded_cdi_ca_1956_wk_prov_dbs_Part7_tables.csv,7,22,385,385,True,True,True,True,True,86.77
padded_cdi_ca_1956_wk_prov_dbs_Part7_tables.csv,7,23,828,828,True,True,True,True,True,40.82
padded_cdi_ca_1956_wk_prov_dbs_Part7_tables.csv,7,24,822,822,True,True,True,True,True,84.42
padded_cdi_ca_1956_wk_prov_dbs_Part7_tables.csv,7,25,536,536,True,True,True,True,True,32.5
padded_cdi_ca_1956_wk_prov_dbs_Part7_tables.csv,7,26,52,52,True,True,True,True,True,87.5
padded_cdi_ca_1956_wk_prov_dbs_Part7_tables.csv,7,27,85,85,True,True,True,True,True,46.41
padded_cdi_ca_1956_wk_prov_dbs_Part7_tables.csv,7,28,69,69,True,True,True,True,True,78.52
padded_cdi_ca_1956_wk_prov_dbs_Part7_tables.csv,7,29,6,6,True,True,True,True,True,75.44
padded_cdi_ca_1956_wk_prov_dbs_Part7_tables.csv,7,30,19,19,True,True,True,True,True,75.54
padded_cdi_ca_1956_wk_prov_dbs_Part7_tables.csv,7,31,46,46,True,True,True,True,True,85.11
padded_cdi_ca_1956_wk_prov_dbs_Part7_tables.csv,7,32,129,129,True,True,True,True,True,29.61
padded_cdi_ca_1956_wk_prov_dbs_Part7_tables.csv,7,33,52,52,True,True,True,True,True,86.04
padded_cdi_ca_1956_wk_prov_dbs_Part7_tables.csv,7,34,107,107,True,True,True,True,True,76.71
padded_cdi_ca_1956_wk_prov_dbs_Part7_tables.csv,7,35,150,150,True,True,True,True,True,86.91
padded_cdi_ca_1956_wk_prov_dbs_Part7_tables.csv,7,36,56,56,True,True,True,True,True,82.08
padded_cdi_ca_1956_wk_prov_dbs_Part7_tables.csv,7,37,144,144,True,True,True,True,True,79.64
padded_cdi_ca_1956_wk_prov_dbs_Part7_tables.csv,7,38,8,8,False,True,True,True,True,83.64
padded_cdi_ca_1956_wk_prov_dbs_Part7_tables.csv,8,0,9.0,9,True,False,False,False,True,83.45
padded_cdi_ca_1956_wk_prov_dbs_Part7_tables.csv,8,1,Meningitis,"Meningitis, meningococcal",False,False,False,False,,90.19
padded_cdi_ca_1956_wk_prov_dbs_Part7_tables.csv,8,2, meningococcal,7,False,False,True,True,True,82.23
padded_cdi_ca_1956_wk_prov_dbs_Part7_tables.csv,8,3,7,2,False,False,True,True,True,84.67
padded_cdi_ca_1956_wk_prov_dbs_Part7_tables.csv,8,4,2,6,False,False,True,True,True,88.09
padded_cdi_ca_1956_wk_prov_dbs_Part7_tables.csv,8,5,6,45,False,False,True,True,True,89.26
padded_cdi_ca_1956_wk_prov_dbs_Part7_tables.csv,8,6,45,51,False,False,True,True,True,84.38
padded_cdi_ca_1956_wk_prov_dbs_Part7_tables.csv,8,7,51,45,False,False,True,True,True,88.72
padded_cdi_ca_1956_wk_prov_dbs_Part7_tables.csv,8,8,45,3,False,False,True,True,True,83.15
padded_cdi_ca_1956_wk_prov_dbs_Part7_tables.csv,8,9,3,-,False,False,True,True,True,37.01
padded_cdi_ca_1956_wk_prov_dbs_Part7_tables.csv,8,10,-,-,True,True,True,True,True,84.96
padded_cdi_ca_1956_wk_prov_dbs_Part7_tables.csv,8,11,-,..,False,False,False,False,,76.71
padded_cdi_ca_1956_wk_prov_dbs_Part7_tables.csv,8,12,.,..,False,False,False,False,,81.59
padded_cdi_ca_1956_wk_prov_dbs_Part7_tables.csv,8,13,...,..,False,False,False,False,,84.96
padded_cdi_ca_1956_wk_prov_dbs_Part7_tables.csv,8,14,...,-,False,False,True,True,True,28.52
padded_cdi_ca_1956_wk_prov_dbs_Part7_tables.csv,8,15,-,-,True,True,True,True,True,83.25
padded_cdi_ca_1956_wk_prov_dbs_Part7_tables.csv,8,16,-,-,True,True,True,True,True,20.84
padded_cdi_ca_1956_wk_prov_dbs_Part7_tables.csv,8,17,-,-,True,True,True,True,True,84.23
padded_cdi_ca_1956_wk_prov_dbs_Part7_tables.csv,8,18,-,2,False,False,True,True,True,19.85
padded_cdi_ca_1956_wk_prov_dbs_Part7_tables.csv,8,19,2,-,False,False,True,True,True,83.45
padded_cdi_ca_1956_wk_prov_dbs_Part7_tables.csv,8,20,-,1,False,False,True,True,True,84.57
padded_cdi_ca_1956_wk_prov_dbs_Part7_tables.csv,8,21,1,-,False,False,True,True,True,25.44
padded_cdi_ca_1956_wk_prov_dbs_Part7_tables.csv,8,22,-,-,True,True,True,True,True,86.52
padded_cdi_ca_1956_wk_prov_dbs_Part7_tables.csv,8,23,-,1,False,False,True,True,True,40.7
padded_cdi_ca_1956_wk_prov_dbs_Part7_tables.csv,8,24,1,-,False,False,True,True,True,84.23
padded_cdi_ca_1956_wk_prov_dbs_Part7_tables.csv,8,25,-,2,False,False,True,True,True,32.42
padded_cdi_ca_1956_wk_prov_dbs_Part7_tables.csv,8,26,2,-,False,False,True,True,True,87.3
padded_cdi_ca_1956_wk_prov_dbs_Part7_tables.csv,8,27,-,-,True,True,True,True,True,46.29
padded_cdi_ca_1956_wk_prov_dbs_Part7_tables.csv,8,28,-,-,True,True,True,True,True,78.27
padded_cdi_ca_1956_wk_prov_dbs_Part7_tables.csv,8,29,-,-,True,True,True,True,True,75.24
padded_cdi_ca_1956_wk_prov_dbs_Part7_tables.csv,8,30,-,-,True,True,True,True,True,75.34
padded_cdi_ca_1956_wk_prov_dbs_Part7_tables.csv,8,31,-,-,True,True,True,True,True,84.91
padded_cdi_ca_1956_wk_prov_dbs_Part7_tables.csv,8,32,-,..,False,False,False,False,,29.54
padded_cdi_ca_1956_wk_prov_dbs_Part7_tables.csv,8,33,...,..,False,False,False,False,,85.79
padded_cdi_ca_1956_wk_prov_dbs_Part7_tables.csv,8,34,,..,False,False,False,False,,76.46
padded_cdi_ca_1956_wk_prov_dbs_Part7_tables.csv,8,35,,2,False,False,True,True,True,86.72
padded_cdi_ca_1956_wk_prov_dbs_Part7_tables.csv,8,36,2,-,False,False,True,True,True,81.88
padded_cdi_ca_1956_wk_prov_dbs_Part7_tables.csv,8,37,-,-,True,True,True,True,True,79.44
padded_cdi_ca_1956_wk_prov_dbs_Part7_tables.csv,8,38,-,9,False,False,False,False,,83.45
padded_cdi_ca_1956_wk_prov_dbs_Part7_tables.csv,9,0,10.0,10,True,False,False,False,True,84.57
padded_cdi_ca_1956_wk_prov_dbs_Part7_tables.csv,9,1,Mumps,Mumps,True,True,True,True,True,91.41
padded_cdi_ca_1956_wk_prov_dbs_Part7_tables.csv,9,2,886,886,True,True,True,True,True,83.35
padded_cdi_ca_1956_wk_prov_dbs_Part7_tables.csv,9,3,876,876,True,True,True,True,True,85.84
padded_cdi_ca_1956_wk_prov_dbs_Part7_tables.csv,9,4,"1,319",1319,False,True,True,True,True,89.31
padded_cdi_ca_1956_wk_prov_dbs_Part7_tables.csv,9,5,"6,299",6299,False,True,True,True,True,90.48
padded_cdi_ca_1956_wk_prov_dbs_Part7_tables.csv,9,6,"5,629",5629,False,True,True,True,True,85.55
padded_cdi_ca_1956_wk_prov_dbs_Part7_tables.csv,9,7,"7,070",7070,False,True,True,True,True,89.94
padded_cdi_ca_1956_wk_prov_dbs_Part7_tables.csv,9,8,-,-,True,True,True,True,True,84.28
padded_cdi_ca_1956_wk_prov_dbs_Part7_tables.csv,9,9,1,1,True,True,True,True,True,37.52
padded_cdi_ca_1956_wk_prov_dbs_Part7_tables.csv,9,10,3,33,False,False,False,False,False,86.08
padded_cdi_ca_1956_wk_prov_dbs_Part7_tables.csv,9,11,16,16,True,True,True,True,True,77.78
padded_cdi_ca_1956_wk_prov_dbs_Part7_tables.csv,9,12,14,14,True,True,True,True,True,82.71
padded_cdi_ca_1956_wk_prov_dbs_Part7_tables.csv,9,13,3,3,True,True,True,True,True,86.08
padded_cdi_ca_1956_wk_prov_dbs_Part7_tables.csv,9,14,1,1,True,True,True,True,True,28.91
padded_cdi_ca_1956_wk_prov_dbs_Part7_tables.csv,9,15,3,3,True,True,True,True,True,84.42
padded_cdi_ca_1956_wk_prov_dbs_Part7_tables.csv,9,16,27,27,True,True,True,True,True,21.13
padded_cdi_ca_1956_wk_prov_dbs_Part7_tables.csv,9,17,-,-,True,True,True,True,True,85.35
padded_cdi_ca_1956_wk_prov_dbs_Part7_tables.csv,9,18,-,-,True,True,True,True,True,20.12
padded_cdi_ca_1956_wk_prov_dbs_Part7_tables.csv,9,19,1,1,True,True,True,True,True,84.57
padded_cdi_ca_1956_wk_prov_dbs_Part7_tables.csv,9,20,176,176,True,True,True,True,True,85.74
padded_cdi_ca_1956_wk_prov_dbs_Part7_tables.csv,9,21,230,230,True,True,True,True,True,25.78
padded_cdi_ca_1956_wk_prov_dbs_Part7_tables.csv,9,22,202,202,True,True,True,True,True,87.7
padded_cdi_ca_1956_wk_prov_dbs_Part7_tables.csv,9,23,401,401,True,True,True,True,True,41.26
padded_cdi_ca_1956_wk_prov_dbs_Part7_tables.csv,9,24,381,381,True,True,True,True,True,85.35
padded_cdi_ca_1956_wk_prov_dbs_Part7_tables.csv,9,25,575,575,True,True,True,True,True,32.86
padded_cdi_ca_1956_wk_prov_dbs_Part7_tables.csv,9,26,49,49,True,True,True,True,True,88.48
padded_cdi_ca_1956_wk_prov_dbs_Part7_tables.csv,9,27,42,42,True,True,True,True,True,46.92
padded_cdi_ca_1956_wk_prov_dbs_Part7_tables.csv,9,28,47,47,True,True,True,True,True,79.35
padded_cdi_ca_1956_wk_prov_dbs_Part7_tables.csv,9,29,1,1,True,True,True,True,True,76.32
padded_cdi_ca_1956_wk_prov_dbs_Part7_tables.csv,9,30,3,3,True,True,True,True,True,76.37
padded_cdi_ca_1956_wk_prov_dbs_Part7_tables.csv,9,31,77,77,True,True,True,True,True,86.04
padded_cdi_ca_1956_wk_prov_dbs_Part7_tables.csv,9,32,:,..,False,False,False,False,,29.96
padded_cdi_ca_1956_wk_prov_dbs_Part7_tables.csv,9,33,...,..,False,False,False,False,,86.96
padded_cdi_ca_1956_wk_prov_dbs_Part7_tables.csv,9,34,69,69,True,True,True,True,True,77.54
padded_cdi_ca_1956_wk_prov_dbs_Part7_tables.csv,9,35,242,242,True,True,True,True,True,87.89
padded_cdi_ca_1956_wk_prov_dbs_Part7_tables.csv,9,36,202,202,True,True,True,True,True,83.01
padded_cdi_ca_1956_wk_prov_dbs_Part7_tables.csv,9,37,231,231,True,True,True,True,True,80.52
padded_cdi_ca_1956_wk_prov_dbs_Part7_tables.csv,9,38,10,10,False,True,True,True,True,84.57
padded_cdi_ca_1956_wk_prov_dbs_Part7_tables.csv,10,0,11.0,11,True,False,False,False,True,83.5
padded_cdi_ca_1956_wk_prov_dbs_Part7_tables.csv,10,1,Poliomyelitis,"Poliomyelitis, epidemic: 4",False,False,False,False,,90.23
padded_cdi_ca_1956_wk_prov_dbs_Part7_tables.csv,10,2, epidemic:4,3,False,False,True,True,True,82.28
padded_cdi_ca_1956_wk_prov_dbs_Part7_tables.csv,10,3,3,1,False,False,True,True,True,84.72
padded_cdi_ca_1956_wk_prov_dbs_Part7_tables.csv,10,4,1,2,False,False,True,True,True,88.13
padded_cdi_ca_1956_wk_prov_dbs_Part7_tables.csv,10,5,2,18,False,False,True,True,True,89.31
padded_cdi_ca_1956_wk_prov_dbs_Part7_tables.csv,10,6,18,26,False,False,True,True,True,84.42
padded_cdi_ca_1956_wk_prov_dbs_Part7_tables.csv,10,7,26,26,True,True,True,True,True,88.77
padded_cdi_ca_1956_wk_prov_dbs_Part7_tables.csv,10,8,26,-,False,False,True,True,True,83.15
padded_cdi_ca_1956_wk_prov_dbs_Part7_tables.csv,10,9,-,1,False,False,True,True,True,37.04
padded_cdi_ca_1956_wk_prov_dbs_Part7_tables.csv,10,10,1,-,False,False,True,True,True,84.96
padded_cdi_ca_1956_wk_prov_dbs_Part7_tables.csv,10,11,-,-,True,True,True,True,True,76.76
padded_cdi_ca_1956_wk_prov_dbs_Part7_tables.csv,10,12,-,-,True,True,True,True,True,81.64
padded_cdi_ca_1956_wk_prov_dbs_Part7_tables.csv,10,13,-,-,True,True,True,True,True,84.96
padded_cdi_ca_1956_wk_prov_dbs_Part7_tables.csv,10,14,-,-,True,True,True,True,True,28.54
padded_cdi_ca_1956_wk_prov_dbs_Part7_tables.csv,10,15,-,-,True,True,True,True,True,83.3
padded_cdi_ca_1956_wk_prov_dbs_Part7_tables.csv,10,16,-,-,True,True,True,True,True,20.85
padded_cdi_ca_1956_wk_prov_dbs_Part7_tables.csv,10,17,-,-,True,True,True,True,True,84.28
padded_cdi_ca_1956_wk_prov_dbs_Part7_tables.csv,10,18,-,-,True,True,True,True,True,19.86
padded_cdi_ca_1956_wk_prov_dbs_Part7_tables.csv,10,19,-,-,True,True,True,True,True,83.5
padded_cdi_ca_1956_wk_prov_dbs_Part7_tables.csv,10,20,-,-,True,True,True,True,True,84.62
padded_cdi_ca_1956_wk_prov_dbs_Part7_tables.csv,10,21,-,-,True,True,True,True,True,25.44
padded_cdi_ca_1956_wk_prov_dbs_Part7_tables.csv,10,22,-,1,False,False,True,True,True,86.57
padded_cdi_ca_1956_wk_prov_dbs_Part7_tables.csv,10,23,1,1,True,True,True,True,True,40.72
padded_cdi_ca_1956_wk_prov_dbs_Part7_tables.csv,10,24,1,-,False,False,True,True,True,84.28
padded_cdi_ca_1956_wk_prov_dbs_Part7_tables.csv,10,25,-,1,False,False,True,True,True,32.42
padded_cdi_ca_1956_wk_prov_dbs_Part7_tables.csv,10,26,1,-,False,False,True,True,True,87.35
padded_cdi_ca_1956_wk_prov_dbs_Part7_tables.csv,10,27,-,-,True,True,True,True,True,46.31
padded_cdi_ca_1956_wk_prov_dbs_Part7_tables.csv,10,28,-,-,True,True,True,True,True,78.32
padded_cdi_ca_1956_wk_prov_dbs_Part7_tables.csv,10,29,-,-,True,True,True,True,True,75.29
padded_cdi_ca_1956_wk_prov_dbs_Part7_tables.csv,10,30,-,-,True,True,True,True,True,75.39
padded_cdi_ca_1956_wk_prov_dbs_Part7_tables.csv,10,31,-,-,True,True,True,True,True,84.96
padded_cdi_ca_1956_wk_prov_dbs_Part7_tables.csv,10,32,-,-,True,True,True,True,True,29.57
padded_cdi_ca_1956_wk_prov_dbs_Part7_tables.csv,10,33,-,-,True,True,True,True,True,85.84
padded_cdi_ca_1956_wk_prov_dbs_Part7_tables.csv,10,34,-,-,True,True,True,True,True,76.51
padded_cdi_ca_1956_wk_prov_dbs_Part7_tables.csv,10,35,-,2,False,False,True,True,True,86.77
padded_cdi_ca_1956_wk_prov_dbs_Part7_tables.csv,10,36,2,-,False,False,True,True,True,81.88
padded_cdi_ca_1956_wk_prov_dbs_Part7_tables.csv,10,37,-,-,True,True,True,True,True,79.44
padded_cdi_ca_1956_wk_prov_dbs_Part7_tables.csv,10,38,-,11,False,False,False,False,,83.5
padded_cdi_ca_1956_wk_prov_dbs_Part7_tables.csv,11,0,12.0,12,True,False,False,False,True,80.52
padded_cdi_ca_1956_wk_prov_dbs_Part7_tables.csv,11,1,(a) With paralysis,(a) With paralysis,True,True,True,True,True,87.01
padded_cdi_ca_1956_wk_prov_dbs_Part7_tables.csv,11,2,3,3,True,True,True,True,True,79.3
padded_cdi_ca_1956_wk_prov_dbs_Part7_tables.csv,11,3,-,-,True,True,True,True,True,81.69
padded_cdi_ca_1956_wk_prov_dbs_Part7_tables.csv,11,4,2,2,True,True,True,True,True,85.01
padded_cdi_ca_1956_wk_prov_dbs_Part7_tables.csv,11,5,11,11,True,True,True,True,True,86.13
padded_cdi_ca_1956_wk_prov_dbs_Part7_tables.csv,11,6,21,21,True,True,True,True,True,81.4
padded_cdi_ca_1956_wk_prov_dbs_Part7_tables.csv,11,7,21,21,True,True,True,True,True,85.6
padded_cdi_ca_1956_wk_prov_dbs_Part7_tables.csv,11,8,-,-,True,True,True,True,True,80.18
padded_cdi_ca_1956_wk_prov_dbs_Part7_tables.csv,11,9,-,-,True,True,True,True,True,35.72
padded_cdi_ca_1956_wk_prov_dbs_Part7_tables.csv,11,10,-,-,True,True,True,True,True,81.93
padded_cdi_ca_1956_wk_prov_dbs_Part7_tables.csv,11,11,-,-,True,True,True,True,True,74.02
padded_cdi_ca_1956_wk_prov_dbs_Part7_tables.csv,11,12,-,-,True,True,True,True,True,78.71
padded_cdi_ca_1956_wk_prov_dbs_Part7_tables.csv,11,13,-,-,True,True,True,True,True,81.93
padded_cdi_ca_1956_wk_prov_dbs_Part7_tables.csv,11,14,-,-,True,True,True,True,True,27.51
padded_cdi_ca_1956_wk_prov_dbs_Part7_tables.csv,11,15,-,-,True,True,True,True,True,80.32
padded_cdi_ca_1956_wk_prov_dbs_Part7_tables.csv,11,16,-,-,True,True,True,True,True,20.1
padded_cdi_ca_1956_wk_prov_dbs_Part7_tables.csv,11,17,-,-,True,True,True,True,True,81.25
padded_cdi_ca_1956_wk_prov_dbs_Part7_tables.csv,11,18,-,-,True,True,True,True,True,19.14
padded_cdi_ca_1956_wk_prov_dbs_Part7_tables.csv,11,19,-,-,True,True,True,True,True,80.52
padded_cdi_ca_1956_wk_prov_dbs_Part7_tables.csv,11,20,-,-,True,True,True,True,True,81.59
padded_cdi_ca_1956_wk_prov_dbs_Part7_tables.csv,11,21,-,-,True,True,True,True,True,24.52
padded_cdi_ca_1956_wk_prov_dbs_Part7_tables.csv,11,22,1,1,True,True,True,True,True,83.45
padded_cdi_ca_1956_wk_prov_dbs_Part7_tables.csv,11,23,1,1,True,True,True,True,True,39.26
padded_cdi_ca_1956_wk_prov_dbs_Part7_tables.csv,11,24,-,-,True,True,True,True,True,81.25
padded_cdi_ca_1956_wk_prov_dbs_Part7_tables.csv,11,25,-,-,True,True,True,True,True,31.27
padded_cdi_ca_1956_wk_prov_dbs_Part7_tables.csv,11,26,-,-,True,True,True,True,True,84.23
padded_cdi_ca_1956_wk_prov_dbs_Part7_tables.csv,11,27,-,-,True,True,True,True,True,44.65
padded_cdi_ca_1956_wk_prov_dbs_Part7_tables.csv,11,28,-,-,True,True,True,True,True,75.54
padded_cdi_ca_1956_wk_prov_dbs_Part7_tables.csv,11,29,-,-,True,True,True,True,True,72.61
padded_cdi_ca_1956_wk_prov_dbs_Part7_tables.csv,11,30,-,-,True,True,True,True,True,72.71
padded_cdi_ca_1956_wk_prov_dbs_Part7_tables.csv,11,31,-,-,True,True,True,True,True,81.88
padded_cdi_ca_1956_wk_prov_dbs_Part7_tables.csv,11,32,-,-,True,True,True,True,True,28.49
padded_cdi_ca_1956_wk_prov_dbs_Part7_tables.csv,11,33,-,-,True,True,True,True,True,82.76
padded_cdi_ca_1956_wk_prov_dbs_Part7_tables.csv,11,34,-,-,True,True,True,True,True,73.78
padded_cdi_ca_1956_wk_prov_dbs_Part7_tables.csv,11,35,2,2,True,True,True,True,True,83.64
padded_cdi_ca_1956_wk_prov_dbs_Part7_tables.csv,11,36,-,-,True,True,True,True,True,78.96
padded_cdi_ca_1956_wk_prov_dbs_Part7_tables.csv,11,37,-,-,True,True,True,True,True,76.61
padded_cdi_ca_1956_wk_prov_dbs_Part7_tables.csv,11,38,12,12,False,True,True,True,True,80.52
padded_cdi_ca_1956_wk_prov_dbs_Part7_tables.csv,12,0,13.0,13,True,False,False,False,True,84.42
padded_cdi_ca_1956_wk_prov_dbs_Part7_tables.csv,12,1,(b) Without paralysis,(b) Without paralysis,True,True,True,True,True,91.21
padded_cdi_ca_1956_wk_prov_dbs_Part7_tables.csv,12,2,-,-,True,True,True,True,True,83.2
padded_cdi_ca_1956_wk_prov_dbs_Part7_tables.csv,12,3,1,1,True,True,True,True,True,85.64
padded_cdi_ca_1956_wk_prov_dbs_Part7_tables.csv,12,4,1,1,True,True,True,True,True,89.11
padded_cdi_ca_1956_wk_prov_dbs_Part7_tables.csv,12,5,4,4,True,True,True,True,True,90.33
padded_cdi_ca_1956_wk_prov_dbs_Part7_tables.csv,12,6,2,2,True,True,True,True,True,85.35
padded_cdi_ca_1956_wk_prov_dbs_Part7_tables.csv,12,7,3,3,True,True,True,True,True,89.75
padded_cdi_ca_1956_wk_prov_dbs_Part7_tables.csv,12,8,-,-,True,True,True,True,True,84.08
padded_cdi_ca_1956_wk_prov_dbs_Part7_tables.csv,12,9,1,1,True,True,True,True,True,37.45
padded_cdi_ca_1956_wk_prov_dbs_Part7_tables.csv,12,10,-,-,True,True,True,True,True,85.94
padded_cdi_ca_1956_wk_prov_dbs_Part7_tables.csv,12,11,-,-,True,True,True,True,True,77.59
padded_cdi_ca_1956_wk_prov_dbs_Part7_tables.csv,12,12,-,-,True,True,True,True,True,82.52
padded_cdi_ca_1956_wk_prov_dbs_Part7_tables.csv,12,13,-,-,True,True,True,True,True,85.94
padded_cdi_ca_1956_wk_prov_dbs_Part7_tables.csv,12,14,-,-,True,True,True,True,True,28.86
padded_cdi_ca_1956_wk_prov_dbs_Part7_tables.csv,12,15,-,-,True,True,True,True,True,84.23
padded_cdi_ca_1956_wk_prov_dbs_Part7_tables.csv,12,16,-,-,True,True,True,True,True,21.08
padded_cdi_ca_1956_wk_prov_dbs_Part7_tables.csv,12,17,-,-,True,True,True,True,True,85.21
padded_cdi_ca_1956_wk_prov_dbs_Part7_tables.csv,12,18,-,-,True,True,True,True,True,20.08
padded_cdi_ca_1956_wk_prov_dbs_Part7_tables.csv,12,19,-,-,True,True,True,True,True,84.42
padded_cdi_ca_1956_wk_prov_dbs_Part7_tables.csv,12,20,-,-,True,True,True,True,True,85.55
padded_cdi_ca_1956_wk_prov_dbs_Part7_tables.csv,12,21,-,-,True,True,True,True,True,25.73
padded_cdi_ca_1956_wk_prov_dbs_Part7_tables.csv,12,22,-,-,True,True,True,True,True,87.55
padded_cdi_ca_1956_wk_prov_dbs_Part7_tables.csv,12,23,-,-,True,True,True,True,True,41.19
padded_cdi_ca_1956_wk_prov_dbs_Part7_tables.csv,12,24,-,-,True,True,True,True,True,85.21
padded_cdi_ca_1956_wk_prov_dbs_Part7_tables.csv,12,25,1,1,True,True,True,True,True,32.79
padded_cdi_ca_1956_wk_prov_dbs_Part7_tables.csv,12,26,-,-,True,True,True,True,True,88.28
padded_cdi_ca_1956_wk_prov_dbs_Part7_tables.csv,12,27,-,-,True,True,True,True,True,46.83
padded_cdi_ca_1956_wk_prov_dbs_Part7_tables.csv,12,28,-,-,True,True,True,True,True,79.2
padded_cdi_ca_1956_wk_prov_dbs_Part7_tables.csv,12,29,-,-,True,True,True,True,True,76.12
padded_cdi_ca_1956_wk_prov_dbs_Part7_tables.csv,12,30,-,-,True,True,True,True,True,76.22
padded_cdi_ca_1956_wk_prov_dbs_Part7_tables.csv,12,31,-,-,True,True,True,True,True,85.89
padded_cdi_ca_1956_wk_prov_dbs_Part7_tables.csv,12,32,-,-,True,True,True,True,True,29.88
padded_cdi_ca_1956_wk_prov_dbs_Part7_tables.csv,12,33,-,-,True,True,True,True,True,86.82
padded_cdi_ca_1956_wk_prov_dbs_Part7_tables.csv,12,34,-,-,True,True,True,True,True,77.39
padded_cdi_ca_1956_wk_prov_dbs_Part7_tables.csv,12,35,-,-,True,True,True,True,True,87.7
padded_cdi_ca_1956_wk_prov_dbs_Part7_tables.csv,12,36,-,-,True,True,True,True,True,82.81
padded_cdi_ca_1956_wk_prov_dbs_Part7_tables.csv,12,37,-,-,True,True,True,True,True,80.32
padded_cdi_ca_1956_wk_prov_dbs_Part7_tables.csv,12,38,13,13,False,True,True,True,True,84.42
padded_cdi_ca_1956_wk_prov_dbs_Part7_tables.csv,13,0,14.0,14,True,False,False,False,True,79.2
padded_cdi_ca_1956_wk_prov_dbs_Part7_tables.csv,13,1,Rubella,Rubella,True,True,True,True,True,85.6
padded_cdi_ca_1956_wk_prov_dbs_Part7_tables.csv,13,2,"1,471",1471,False,True,True,True,True,78.08
padded_cdi_ca_1956_wk_prov_dbs_Part7_tables.csv,13,3,"1,496",1496,False,True,True,True,True,80.37
padded_cdi_ca_1956_wk_prov_dbs_Part7_tables.csv,13,4,340,340,True,True,True,True,True,83.64
padded_cdi_ca_1956_wk_prov_dbs_Part7_tables.csv,13,5,"8,131",8131,False,True,True,True,True,84.77
padded_cdi_ca_1956_wk_prov_dbs_Part7_tables.csv,13,6,"2,076",2076,False,True,True,True,True,80.13
padded_cdi_ca_1956_wk_prov_dbs_Part7_tables.csv,13,7,"1,719",1719,False,True,True,True,True,84.23
padded_cdi_ca_1956_wk_prov_dbs_Part7_tables.csv,13,8,4,4,True,True,True,True,True,78.91
padded_cdi_ca_1956_wk_prov_dbs_Part7_tables.csv,13,9,22,22,True,True,True,True,True,35.16
padded_cdi_ca_1956_wk_prov_dbs_Part7_tables.csv,13,10,-,-,True,True,True,True,True,80.62
padded_cdi_ca_1956_wk_prov_dbs_Part7_tables.csv,13,11,.A,..,False,False,False,False,,72.85
padded_cdi_ca_1956_wk_prov_dbs_Part7_tables.csv,13,12,a.e,..,False,False,False,False,,77.44
padded_cdi_ca_1956_wk_prov_dbs_Part7_tables.csv,13,13,,..,False,False,False,False,,80.62
padded_cdi_ca_1956_wk_prov_dbs_Part7_tables.csv,13,14,41,41,True,True,True,True,True,27.08
padded_cdi_ca_1956_wk_prov_dbs_Part7_tables.csv,13,15,73,73,True,True,True,True,True,79.05
padded_cdi_ca_1956_wk_prov_dbs_Part7_tables.csv,13,16,2,2,True,True,True,True,True,19.79
padded_cdi_ca_1956_wk_prov_dbs_Part7_tables.csv,13,17,...,..,False,False,False,False,,79.93
padded_cdi_ca_1956_wk_prov_dbs_Part7_tables.csv,13,18,:,..,False,False,False,False,,18.84
padded_cdi_ca_1956_wk_prov_dbs_Part7_tables.csv,13,19,,..,False,False,False,False,,79.2
padded_cdi_ca_1956_wk_prov_dbs_Part7_tables.csv,13,20,999,999,True,True,True,True,True,80.27
padded_cdi_ca_1956_wk_prov_dbs_Part7_tables.csv,13,21,951,951,True,True,True,True,True,24.15
padded_cdi_ca_1956_wk_prov_dbs_Part7_tables.csv,13,22,23,23,True,True,True,True,True,82.13
padded_cdi_ca_1956_wk_prov_dbs_Part7_tables.csv,13,23,260,260,True,True,True,True,True,38.65
padded_cdi_ca_1956_wk_prov_dbs_Part7_tables.csv,13,24,293,293,True,True,True,True,True,79.93
padded_cdi_ca_1956_wk_prov_dbs_Part7_tables.csv,13,25,136,136,True,True,True,True,True,30.76
padded_cdi_ca_1956_wk_prov_dbs_Part7_tables.csv,13,26,12,12,True,True,True,True,True,82.86
padded_cdi_ca_1956_wk_prov_dbs_Part7_tables.csv,13,27,7,7,True,True,True,True,True,43.95
padded_cdi_ca_1956_wk_prov_dbs_Part7_tables.csv,13,28,2,2,True,True,True,True,True,74.32
padded_cdi_ca_1956_wk_prov_dbs_Part7_tables.csv,13,29,:,..,False,False,False,False,,71.44
padded_cdi_ca_1956_wk_prov_dbs_Part7_tables.csv,13,30,2,2,True,True,True,True,True,71.53
padded_cdi_ca_1956_wk_prov_dbs_Part7_tables.csv,13,31,20,20,True,True,True,True,True,80.62
padded_cdi_ca_1956_wk_prov_dbs_Part7_tables.csv,13,32,13,13,True,True,True,True,True,28.05
padded_cdi_ca_1956_wk_prov_dbs_Part7_tables.csv,13,33,26,2,False,False,False,False,False,81.45
padded_cdi_ca_1956_wk_prov_dbs_Part7_tables.csv,13,34,32,32,True,True,True,True,True,72.61
padded_cdi_ca_1956_wk_prov_dbs_Part7_tables.csv,13,35,142,142,True,True,True,True,True,82.32
padded_cdi_ca_1956_wk_prov_dbs_Part7_tables.csv,13,36,122,122,True,True,True,True,True,77.73
padded_cdi_ca_1956_wk_prov_dbs_Part7_tables.csv,13,37,12,12,True,True,True,True,True,75.39
padded_cdi_ca_1956_wk_prov_dbs_Part7_tables.csv,13,38,14,14,False,True,True,True,True,79.2
padded_cdi_ca_1956_wk_prov_dbs_Part7_tables.csv,14,0,15.0,15,True,False,False,False,True,83.3
padded_cdi_ca_1956_wk_prov_dbs_Part7_tables.csv,14,1,Scarlet fever,"Scarlet fever, etc. 5 **",False,False,False,False,,90.04
padded_cdi_ca_1956_wk_prov_dbs_Part7_tables.csv,14,2, etc.⁵,346,False,False,True,True,True,82.08
padded_cdi_ca_1956_wk_prov_dbs_Part7_tables.csv,14,3,346,341,False,False,True,True,True,84.52
padded_cdi_ca_1956_wk_prov_dbs_Part7_tables.csv,14,4,341,432,False,False,True,True,True,87.94
padded_cdi_ca_1956_wk_prov_dbs_Part7_tables.csv,14,5,432,2161,False,False,True,True,True,89.16
padded_cdi_ca_1956_wk_prov_dbs_Part7_tables.csv,14,6,"2,161",1572,False,False,True,True,True,84.28
padded_cdi_ca_1956_wk_prov_dbs_Part7_tables.csv,14,7,"1,572",2548,False,False,True,True,True,88.57
padded_cdi_ca_1956_wk_prov_dbs_Part7_tables.csv,14,8,"2,548",-,False,False,True,True,True,83.01
padded_cdi_ca_1956_wk_prov_dbs_Part7_tables.csv,14,9,-,31,False,False,True,True,True,36.96
padded_cdi_ca_1956_wk_prov_dbs_Part7_tables.csv,14,10,31,1,False,False,True,True,True,84.81
padded_cdi_ca_1956_wk_prov_dbs_Part7_tables.csv,14,11,1,11,False,False,True,True,True,76.61
padded_cdi_ca_1956_wk_prov_dbs_Part7_tables.csv,14,12,11,7,False,False,True,True,True,81.45
padded_cdi_ca_1956_wk_prov_dbs_Part7_tables.csv,14,13,7,9,False,False,True,True,True,84.81
padded_cdi_ca_1956_wk_prov_dbs_Part7_tables.csv,14,14,9,29,False,False,True,True,True,28.47
padded_cdi_ca_1956_wk_prov_dbs_Part7_tables.csv,14,15,29,26,False,False,True,True,True,83.15
padded_cdi_ca_1956_wk_prov_dbs_Part7_tables.csv,14,16,26,11,False,False,True,True,True,20.8
padded_cdi_ca_1956_wk_prov_dbs_Part7_tables.csv,14,17,11,2,False,False,True,True,True,84.08
padded_cdi_ca_1956_wk_prov_dbs_Part7_tables.csv,14,18,2,2,True,True,True,True,True,19.81
padded_cdi_ca_1956_wk_prov_dbs_Part7_tables.csv,14,19,2,7,False,False,True,True,True,83.3
padded_cdi_ca_1956_wk_prov_dbs_Part7_tables.csv,14,20,7,82,False,False,True,True,True,84.42
padded_cdi_ca_1956_wk_prov_dbs_Part7_tables.csv,14,21,82,80,False,False,True,True,True,25.39
padded_cdi_ca_1956_wk_prov_dbs_Part7_tables.csv,14,22,80,71,False,False,True,True,True,86.38
padded_cdi_ca_1956_wk_prov_dbs_Part7_tables.csv,14,23,71,165,False,False,True,True,True,40.65
padded_cdi_ca_1956_wk_prov_dbs_Part7_tables.csv,14,24,165,126,False,False,True,True,True,84.08
padded_cdi_ca_1956_wk_prov_dbs_Part7_tables.csv,14,25,126,95,False,False,True,True,True,32.35
padded_cdi_ca_1956_wk_prov_dbs_Part7_tables.csv,14,26,95,11,False,False,True,True,True,87.16
padded_cdi_ca_1956_wk_prov_dbs_Part7_tables.csv,14,27,11,4,False,False,True,True,True,46.22
padded_cdi_ca_1956_wk_prov_dbs_Part7_tables.csv,14,28,4,17,False,False,True,True,True,78.17
padded_cdi_ca_1956_wk_prov_dbs_Part7_tables.csv,14,29,17,-,False,False,True,True,True,75.15
padded_cdi_ca_1956_wk_prov_dbs_Part7_tables.csv,14,30,-,2,False,False,True,True,True,75.24
padded_cdi_ca_1956_wk_prov_dbs_Part7_tables.csv,14,31,2,15,False,False,True,True,True,84.77
padded_cdi_ca_1956_wk_prov_dbs_Part7_tables.csv,14,32,15,11,False,False,True,True,True,29.49
padded_cdi_ca_1956_wk_prov_dbs_Part7_tables.csv,14,33,11,23,False,False,True,True,True,85.64
padded_cdi_ca_1956_wk_prov_dbs_Part7_tables.csv,14,34,23,64,False,False,True,True,True,76.37
padded_cdi_ca_1956_wk_prov_dbs_Part7_tables.csv,14,35,64,35,False,False,True,True,True,86.57
padded_cdi_ca_1956_wk_prov_dbs_Part7_tables.csv,14,36,35,40,False,False,True,True,True,81.74
padded_cdi_ca_1956_wk_prov_dbs_Part7_tables.csv,14,37,40,82,False,False,True,True,True,79.3
padded_cdi_ca_1956_wk_prov_dbs_Part7_tables.csv,14,38,82,15,False,False,False,False,False,83.3
padded_cdi_ca_1956_wk_prov_dbs_Part7_tables.csv,15,0,16.0,16,True,False,False,False,True,76.32
padded_cdi_ca_1956_wk_prov_dbs_Part7_tables.csv,15,1,Smallpox,Smallpox,True,True,True,True,True,82.47
padded_cdi_ca_1956_wk_prov_dbs_Part7_tables.csv,15,2,-,-,True,True,True,True,True,75.2
padded_cdi_ca_1956_wk_prov_dbs_Part7_tables.csv,15,3,-,-,True,True,True,True,True,77.44
padded_cdi_ca_1956_wk_prov_dbs_Part7_tables.csv,15,4,-,-,True,True,True,True,True,80.57
padded_cdi_ca_1956_wk_prov_dbs_Part7_tables.csv,15,5,-,-,True,True,True,True,True,81.64
padded_cdi_ca_1956_wk_prov_dbs_Part7_tables.csv,15,6,-,-,True,True,True,True,True,77.2
padded_cdi_ca_1956_wk_prov_dbs_Part7_tables.csv,15,7,-,-,True,True,True,True,True,81.15
padded_cdi_ca_1956_wk_prov_dbs_Part7_tables.csv,15,8,-,-,True,True,True,True,True,76.03
padded_cdi_ca_1956_wk_prov_dbs_Part7_tables.csv,15,9,-,-,True,True,True,True,True,33.86
padded_cdi_ca_1956_wk_prov_dbs_Part7_tables.csv,15,10,-,-,True,True,True,True,True,77.69
padded_cdi_ca_1956_wk_prov_dbs_Part7_tables.csv,15,11,-,-,True,True,True,True,True,70.17
padded_cdi_ca_1956_wk_prov_dbs_Part7_tables.csv,15,12,-,-,True,True,True,True,True,74.61
padded_cdi_ca_1956_wk_prov_dbs_Part7_tables.csv,15,13,-,-,True,True,True,True,True,77.69
padded_cdi_ca_1956_wk_prov_dbs_Part7_tables.csv,15,14,-,-,True,True,True,True,True,26.1
padded_cdi_ca_1956_wk_prov_dbs_Part7_tables.csv,15,15,I,-,False,False,True,True,True,76.17
padded_cdi_ca_1956_wk_prov_dbs_Part7_tables.csv,15,16,-,-,True,True,True,True,True,19.06
padded_cdi_ca_1956_wk_prov_dbs_Part7_tables.csv,15,17,-,-,True,True,True,True,True,77.0
padded_cdi_ca_1956_wk_prov_dbs_Part7_tables.csv,15,18,-,-,True,True,True,True,True,18.15
padded_cdi_ca_1956_wk_prov_dbs_Part7_tables.csv,15,19,-,-,True,True,True,True,True,76.32
padded_cdi_ca_1956_wk_prov_dbs_Part7_tables.csv,15,20,-,-,True,True,True,True,True,77.34
padded_cdi_ca_1956_wk_prov_dbs_Part7_tables.csv,15,21,-,-,True,True,True,True,True,23.25
padded_cdi_ca_1956_wk_prov_dbs_Part7_tables.csv,15,22,-,-,True,True,True,True,True,79.15
padded_cdi_ca_1956_wk_prov_dbs_Part7_tables.csv,15,23,-,-,True,True,True,True,True,37.23
padded_cdi_ca_1956_wk_prov_dbs_Part7_tables.csv,15,24,-,-,True,True,True,True,True,77.0
padded_cdi_ca_1956_wk_prov_dbs_Part7_tables.csv,15,25,-,-,True,True,True,True,True,29.64
padded_cdi_ca_1956_wk_prov_dbs_Part7_tables.csv,15,26,-,-,True,True,True,True,True,79.83
padded_cdi_ca_1956_wk_prov_dbs_Part7_tables.csv,15,27,-,-,True,True,True,True,True,42.33
padded_cdi_ca_1956_wk_prov_dbs_Part7_tables.csv,15,28,-,-,True,True,True,True,True,71.58
padded_cdi_ca_1956_wk_prov_dbs_Part7_tables.csv,15,29,-,-,True,True,True,True,True,68.85
padded_cdi_ca_1956_wk_prov_dbs_Part7_tables.csv,15,30,-,-,True,True,True,True,True,68.9
padded_cdi_ca_1956_wk_prov_dbs_Part7_tables.csv,15,31,-,-,True,True,True,True,True,77.64
padded_cdi_ca_1956_wk_prov_dbs_Part7_tables.csv,15,32,-,-,True,True,True,True,True,27.03
padded_cdi_ca_1956_wk_prov_dbs_Part7_tables.csv,15,33,-,-,True,True,True,True,True,78.47
padded_cdi_ca_1956_wk_prov_dbs_Part7_tables.csv,15,34,-,-,True,True,True,True,True,69.97
padded_cdi_ca_1956_wk_prov_dbs_Part7_tables.csv,15,35,-,-,True,True,True,True,True,79.3
padded_cdi_ca_1956_wk_prov_dbs_Part7_tables.csv,15,36,-,-,True,True,True,True,True,74.85
padded_cdi_ca_1956_wk_prov_dbs_Part7_tables.csv,15,37,-,-,True,True,True,True,True,72.66
padded_cdi_ca_1956_wk_prov_dbs_Part7_tables.csv,15,38,16,16,False,True,True,True,True,76.32
padded_cdi_ca_1956_wk_prov_dbs_Part7_tables.csv,16,0,17.0,17,True,False,False,False,True,84.72
padded_cdi_ca_1956_wk_prov_dbs_Part7_tables.csv,16,1,Tuberculosis:4,"Tuberculosis: 4,6",False,False,False,False,False,91.55
padded_cdi_ca_1956_wk_prov_dbs_Part7_tables.csv,16,2,123,123,True,True,True,True,True,83.5
padded_cdi_ca_1956_wk_prov_dbs_Part7_tables.csv,16,3,194,194,True,True,True,True,True,85.99
padded_cdi_ca_1956_wk_prov_dbs_Part7_tables.csv,16,4,176,176,True,True,True,True,True,89.45
padded_cdi_ca_1956_wk_prov_dbs_Part7_tables.csv,16,5,"1,163",1163,False,True,True,True,True,90.62
padded_cdi_ca_1956_wk_prov_dbs_Part7_tables.csv,16,6,"1,120",1120,False,True,True,True,True,85.69
padded_cdi_ca_1956_wk_prov_dbs_Part7_tables.csv,16,7,"1,348",1348,False,True,True,True,True,90.09
padded_cdi_ca_1956_wk_prov_dbs_Part7_tables.csv,16,8,7,7,True,True,True,True,True,84.42
padded_cdi_ca_1956_wk_prov_dbs_Part7_tables.csv,16,9,7,7,True,True,True,True,True,37.6
padded_cdi_ca_1956_wk_prov_dbs_Part7_tables.csv,16,10,5,5,True,True,True,True,True,86.23
padded_cdi_ca_1956_wk_prov_dbs_Part7_tables.csv,16,11,-,-,True,True,True,True,True,77.88
padded_cdi_ca_1956_wk_prov_dbs_Part7_tables.csv,16,12,1,1,True,True,True,True,True,82.86
padded_cdi_ca_1956_wk_prov_dbs_Part7_tables.csv,16,13,-,-,True,True,True,True,True,86.23
padded_cdi_ca_1956_wk_prov_dbs_Part7_tables.csv,16,14,1,1,True,True,True,True,True,28.96
padded_cdi_ca_1956_wk_prov_dbs_Part7_tables.csv,16,15,5,5,True,True,True,True,True,84.52
padded_cdi_ca_1956_wk_prov_dbs_Part7_tables.csv,16,16,4,4,True,True,True,True,True,21.15
padded_cdi_ca_1956_wk_prov_dbs_Part7_tables.csv,16,17,2,2,True,True,True,True,True,85.5
padded_cdi_ca_1956_wk_prov_dbs_Part7_tables.csv,16,18,13,13,True,True,True,True,True,20.15
padded_cdi_ca_1956_wk_prov_dbs_Part7_tables.csv,16,19,9,9,True,True,True,True,True,84.72
padded_cdi_ca_1956_wk_prov_dbs_Part7_tables.csv,16,20,52,52,True,True,True,True,True,85.89
padded_cdi_ca_1956_wk_prov_dbs_Part7_tables.csv,16,21,88,88,True,True,True,True,True,25.81
padded_cdi_ca_1956_wk_prov_dbs_Part7_tables.csv,16,22,72,72,True,True,True,True,True,87.84
padded_cdi_ca_1956_wk_prov_dbs_Part7_tables.csv,16,23,19,19,True,True,True,True,True,41.33
padded_cdi_ca_1956_wk_prov_dbs_Part7_tables.csv,16,24,26,26,True,True,True,True,True,85.5
padded_cdi_ca_1956_wk_prov_dbs_Part7_tables.csv,16,25,21,21,True,True,True,True,True,32.91
padded_cdi_ca_1956_wk_prov_dbs_Part7_tables.csv,16,26,4,4,True,True,True,True,True,88.62
padded_cdi_ca_1956_wk_prov_dbs_Part7_tables.csv,16,27,6,6,True,True,True,True,True,47.0
padded_cdi_ca_1956_wk_prov_dbs_Part7_tables.csv,16,28,10,10,True,True,True,True,True,79.49
padded_cdi_ca_1956_wk_prov_dbs_Part7_tables.csv,16,29,6,6,True,True,True,True,True,76.42
padded_cdi_ca_1956_wk_prov_dbs_Part7_tables.csv,16,30,4,4,True,True,True,True,True,76.51
padded_cdi_ca_1956_wk_prov_dbs_Part7_tables.csv,16,31,6,6,True,True,True,True,True,86.18
padded_cdi_ca_1956_wk_prov_dbs_Part7_tables.csv,16,32,6,6,True,True,True,True,True,30.0
padded_cdi_ca_1956_wk_prov_dbs_Part7_tables.csv,16,33,31,31,True,True,True,True,True,87.11
padded_cdi_ca_1956_wk_prov_dbs_Part7_tables.csv,16,34,8,8,True,True,True,True,True,77.64
padded_cdi_ca_1956_wk_prov_dbs_Part7_tables.csv,16,35,26,26,True,True,True,True,True,88.04
padded_cdi_ca_1956_wk_prov_dbs_Part7_tables.csv,16,36,13,13,True,True,True,True,True,83.11
padded_cdi_ca_1956_wk_prov_dbs_Part7_tables.csv,16,37,20,20,True,True,True,True,True,80.62
padded_cdi_ca_1956_wk_prov_dbs_Part7_tables.csv,16,38,17,17,False,True,True,True,True,84.72
padded_cdi_ca_1956_wk_prov_dbs_Part7_tables.csv,17,0,18.0,18,True,False,False,False,True,81.45
padded_cdi_ca_1956_wk_prov_dbs_Part7_tables.csv,17,1,(a) Pulmonary,(a) Pulmonary,True,True,True,True,True,88.04
padded_cdi_ca_1956_wk_prov_dbs_Part7_tables.csv,17,2,97,97,True,True,True,True,True,80.27
padded_cdi_ca_1956_wk_prov_dbs_Part7_tables.csv,17,3,159,159,True,True,True,True,True,82.67
padded_cdi_ca_1956_wk_prov_dbs_Part7_tables.csv,17,4,149,149,True,True,True,True,True,86.04
padded_cdi_ca_1956_wk_prov_dbs_Part7_tables.csv,17,5,969,969,True,True,True,True,True,87.16
padded_cdi_ca_1956_wk_prov_dbs_Part7_tables.csv,17,6,881,881,True,True,True,True,True,82.37
padded_cdi_ca_1956_wk_prov_dbs_Part7_tables.csv,17,7,"1,048",1048,False,True,True,True,True,86.62
padded_cdi_ca_1956_wk_prov_dbs_Part7_tables.csv,17,8,7,7,True,True,True,True,True,81.15
padded_cdi_ca_1956_wk_prov_dbs_Part7_tables.csv,17,9,7,7,True,True,True,True,True,36.13
padded_cdi_ca_1956_wk_prov_dbs_Part7_tables.csv,17,10,5,5,True,True,True,True,True,82.91
padded_cdi_ca_1956_wk_prov_dbs_Part7_tables.csv,17,11,-,-,True,True,True,True,True,74.9
padded_cdi_ca_1956_wk_prov_dbs_Part7_tables.csv,17,12,1,1,True,True,True,True,True,79.64
padded_cdi_ca_1956_wk_prov_dbs_Part7_tables.csv,17,13,-,-,True,True,True,True,True,82.91
padded_cdi_ca_1956_wk_prov_dbs_Part7_tables.csv,17,14,1,1,True,True,True,True,True,27.86
padded_cdi_ca_1956_wk_prov_dbs_Part7_tables.csv,17,15,5,5,True,True,True,True,True,81.3
padded_cdi_ca_1956_wk_prov_dbs_Part7_tables.csv,17,16,4,4,True,True,True,True,True,20.35
padded_cdi_ca_1956_wk_prov_dbs_Part7_tables.csv,17,17,2,2,True,True,True,True,True,82.23
padded_cdi_ca_1956_wk_prov_dbs_Part7_tables.csv,17,18,13,13,True,True,True,True,True,19.37
padded_cdi_ca_1956_wk_prov_dbs_Part7_tables.csv,17,19,9,9,True,True,True,True,True,81.45
padded_cdi_ca_1956_wk_prov_dbs_Part7_tables.csv,17,20,50,50,True,True,True,True,True,82.57
padded_cdi_ca_1956_wk_prov_dbs_Part7_tables.csv,17,21,84,84,True,True,True,True,True,24.83
padded_cdi_ca_1956_wk_prov_dbs_Part7_tables.csv,17,22,72,72,True,True,True,True,True,84.47
padded_cdi_ca_1956_wk_prov_dbs_Part7_tables.csv,17,23,(6),(6),True,True,True,True,True,39.75
padded_cdi_ca_1956_wk_prov_dbs_Part7_tables.csv,17,24,(6),(6),True,True,True,True,True,82.23
padded_cdi_ca_1956_wk_prov_dbs_Part7_tables.csv,17,25,(6),(6),True,True,True,True,True,31.64
padded_cdi_ca_1956_wk_prov_dbs_Part7_tables.csv,17,26,4,4,True,True,True,True,True,85.21
padded_cdi_ca_1956_wk_prov_dbs_Part7_tables.csv,17,27,5,5,True,True,True,True,True,45.19
padded_cdi_ca_1956_wk_prov_dbs_Part7_tables.csv,17,28,10,10,True,True,True,True,True,76.42
padded_cdi_ca_1956_wk_prov_dbs_Part7_tables.csv,17,29,5,5,True,True,True,True,True,73.49
padded_cdi_ca_1956_wk_prov_dbs_Part7_tables.csv,17,30,3,3,True,True,True,True,True,73.58
padded_cdi_ca_1956_wk_prov_dbs_Part7_tables.csv,17,31,5,5,True,True,True,True,True,82.86
padded_cdi_ca_1956_wk_prov_dbs_Part7_tables.csv,17,32,6,6,True,True,True,True,True,28.83
padded_cdi_ca_1956_wk_prov_dbs_Part7_tables.csv,17,33,29,29,True,True,True,True,True,83.74
padded_cdi_ca_1956_wk_prov_dbs_Part7_tables.csv,17,34,7,7,True,True,True,True,True,74.66
padded_cdi_ca_1956_wk_prov_dbs_Part7_tables.csv,17,35,22,22,True,True,True,True,True,84.67
padded_cdi_ca_1956_wk_prov_dbs_Part7_tables.csv,17,36,12,12,True,True,True,True,True,79.93
padded_cdi_ca_1956_wk_prov_dbs_Part7_tables.csv,17,37,20,20,True,True,True,True,True,77.54
padded_cdi_ca_1956_wk_prov_dbs_Part7_tables.csv,17,38,18,18,False,True,True,True,True,81.45
padded_cdi_ca_1956_wk_prov_dbs_Part7_tables.csv,18,0,19.0,19,True,False,False,False,True,84.47
padded_cdi_ca_1956_wk_prov_dbs_Part7_tables.csv,18,1,(b) Non-pulmonary,(b) Non-pulmonary,True,True,True,True,True,91.26
padded_cdi_ca_1956_wk_prov_dbs_Part7_tables.csv,18,2,7,7,True,True,True,True,True,83.2
padded_cdi_ca_1956_wk_prov_dbs_Part7_tables.csv,18,3,9,9,True,True,True,True,True,85.69
padded_cdi_ca_1956_wk_prov_dbs_Part7_tables.csv,18,4,8,8,True,True,True,True,True,89.16
padded_cdi_ca_1956_wk_prov_dbs_Part7_tables.csv,18,5,52,52,True,True,True,True,True,90.38
padded_cdi_ca_1956_wk_prov_dbs_Part7_tables.csv,18,6,83,83,True,True,True,True,True,85.4
padded_cdi_ca_1956_wk_prov_dbs_Part7_tables.csv,18,7,71,71,True,True,True,True,True,89.79
padded_cdi_ca_1956_wk_prov_dbs_Part7_tables.csv,18,8,I,-,False,False,True,True,True,84.13
padded_cdi_ca_1956_wk_prov_dbs_Part7_tables.csv,18,9,-,-,True,True,True,True,True,37.48
padded_cdi_ca_1956_wk_prov_dbs_Part7_tables.csv,18,10,-,-,True,True,True,True,True,85.99
padded_cdi_ca_1956_wk_prov_dbs_Part7_tables.csv,18,11,-,-,True,True,True,True,True,77.64
padded_cdi_ca_1956_wk_prov_dbs_Part7_tables.csv,18,12,-,-,True,True,True,True,True,82.57
padded_cdi_ca_1956_wk_prov_dbs_Part7_tables.csv,18,13,-,-,True,True,True,True,True,85.99
padded_cdi_ca_1956_wk_prov_dbs_Part7_tables.csv,18,14,-,-,True,True,True,True,True,28.88
padded_cdi_ca_1956_wk_prov_dbs_Part7_tables.csv,18,15,-,-,True,True,True,True,True,84.28
padded_cdi_ca_1956_wk_prov_dbs_Part7_tables.csv,18,16,-,-,True,True,True,True,True,21.09
padded_cdi_ca_1956_wk_prov_dbs_Part7_tables.csv,18,17,-,-,True,True,True,True,True,85.25
padded_cdi_ca_1956_wk_prov_dbs_Part7_tables.csv,18,18,-,-,True,True,True,True,True,20.08
padded_cdi_ca_1956_wk_prov_dbs_Part7_tables.csv,18,19,-,-,True,True,True,True,True,84.47
padded_cdi_ca_1956_wk_prov_dbs_Part7_tables.csv,18,20,2,2,True,True,True,True,True,85.6
padded_cdi_ca_1956_wk_prov_dbs_Part7_tables.csv,18,21,4,4,True,True,True,True,True,25.73
padded_cdi_ca_1956_wk_prov_dbs_Part7_tables.csv,18,22,2,2,True,True,True,True,True,87.55
padded_cdi_ca_1956_wk_prov_dbs_Part7_tables.csv,18,23,(6),(6),True,True,True,True,True,41.21
padded_cdi_ca_1956_wk_prov_dbs_Part7_tables.csv,18,24,(6),(6),True,True,True,True,True,85.25
padded_cdi_ca_1956_wk_prov_dbs_Part7_tables.csv,18,25,(6),(6),True,True,True,True,True,32.81
padded_cdi_ca_1956_wk_prov_dbs_Part7_tables.csv,18,26,-,-,True,True,True,True,True,88.33
padded_cdi_ca_1956_wk_prov_dbs_Part7_tables.csv,18,27,1,1,True,True,True,True,True,46.85
padded_cdi_ca_1956_wk_prov_dbs_Part7_tables.csv,18,28,-,-,True,True,True,True,True,79.25
padded_cdi_ca_1956_wk_prov_dbs_Part7_tables.csv,18,29,1,1,True,True,True,True,True,76.17
padded_cdi_ca_1956_wk_prov_dbs_Part7_tables.csv,18,30,1,1,True,True,True,True,True,76.27
padded_cdi_ca_1956_wk_prov_dbs_Part7_tables.csv,18,31,1,1,True,True,True,True,True,85.94
padded_cdi_ca_1956_wk_prov_dbs_Part7_tables.csv,18,32,...,..,False,False,False,False,,29.91
padded_cdi_ca_1956_wk_prov_dbs_Part7_tables.csv,18,33,2,2,True,True,True,True,True,86.82
padded_cdi_ca_1956_wk_prov_dbs_Part7_tables.csv,18,34,:,..,False,False,False,False,,77.39
padded_cdi_ca_1956_wk_prov_dbs_Part7_tables.csv,18,35,4,4,True,True,True,True,True,87.74
padded_cdi_ca_1956_wk_prov_dbs_Part7_tables.csv,18,36,1,1,True,True,True,True,True,82.86
padded_cdi_ca_1956_wk_prov_dbs_Part7_tables.csv,18,37,3,3,True,True,True,True,True,80.37
padded_cdi_ca_1956_wk_prov_dbs_Part7_tables.csv,18,38,19,19,False,True,True,True,True,84.47
padded_cdi_ca_1956_wk_prov_dbs_Part7_tables.csv,19,0,20.0,20,True,False,False,False,True,83.94
padded_cdi_ca_1956_wk_prov_dbs_Part7_tables.csv,19,1,Typhoid and paratyphoid,Typhoid and paratyphoid,True,True,True,True,True,90.72
padded_cdi_ca_1956_wk_prov_dbs_Part7_tables.csv,19,2,6,6,True,True,True,True,True,82.71
padded_cdi_ca_1956_wk_prov_dbs_Part7_tables.csv,19,3,4,4,True,True,True,True,True,85.16
padded_cdi_ca_1956_wk_prov_dbs_Part7_tables.csv,19,4,4,4,True,True,True,True,True,88.62
padded_cdi_ca_1956_wk_prov_dbs_Part7_tables.csv,19,5,54,54,True,True,True,True,True,89.79
padded_cdi_ca_1956_wk_prov_dbs_Part7_tables.csv,19,6,25,25,True,True,True,True,True,84.86
padded_cdi_ca_1956_wk_prov_dbs_Part7_tables.csv,19,7,56,56,True,True,True,True,True,89.26
padded_cdi_ca_1956_wk_prov_dbs_Part7_tables.csv,19,8,-,-,True,True,True,True,True,83.59
padded_cdi_ca_1956_wk_prov_dbs_Part7_tables.csv,19,9,-,-,True,True,True,True,True,37.23
padded_cdi_ca_1956_wk_prov_dbs_Part7_tables.csv,19,10,-,-,True,True,True,True,True,85.45
padded_cdi_ca_1956_wk_prov_dbs_Part7_tables.csv,19,11,-,-,True,True,True,True,True,77.15
padded_cdi_ca_1956_wk_prov_dbs_Part7_tables.csv,19,12,-,-,True,True,True,True,True,82.08
padded_cdi_ca_1956_wk_prov_dbs_Part7_tables.csv,19,13,-,-,True,True,True,True,True,85.45
padded_cdi_ca_1956_wk_prov_dbs_Part7_tables.csv,19,14,-,-,True,True,True,True,True,28.69
padded_cdi_ca_1956_wk_prov_dbs_Part7_tables.csv,19,15,-,-,True,True,True,True,True,83.74
padded_cdi_ca_1956_wk_prov_dbs_Part7_tables.csv,19,16,-,-,True,True,True,True,True,20.96
padded_cdi_ca_1956_wk_prov_dbs_Part7_tables.csv,19,17,1,1,True,True,True,True,True,84.72
padded_cdi_ca_1956_wk_prov_dbs_Part7_tables.csv,19,18,1,1,True,True,True,True,True,19.96
padded_cdi_ca_1956_wk_prov_dbs_Part7_tables.csv,19,19,-,-,True,True,True,True,True,83.94
padded_cdi_ca_1956_wk_prov_dbs_Part7_tables.csv,19,20,5,5,True,True,True,True,True,85.06
padded_cdi_ca_1956_wk_prov_dbs_Part7_tables.csv,19,21,1,1,True,True,True,True,True,25.59
padded_cdi_ca_1956_wk_prov_dbs_Part7_tables.csv,19,22,2,2,True,True,True,True,True,87.01
padded_cdi_ca_1956_wk_prov_dbs_Part7_tables.csv,19,23,-,-,True,True,True,True,True,40.94
padded_cdi_ca_1956_wk_prov_dbs_Part7_tables.csv,19,24,-,-,True,True,True,True,True,84.72
padded_cdi_ca_1956_wk_prov_dbs_Part7_tables.csv,19,25,-,-,True,True,True,True,True,32.59
padded_cdi_ca_1956_wk_prov_dbs_Part7_tables.csv,19,26,-,-,True,True,True,True,True,87.79
padded_cdi_ca_1956_wk_prov_dbs_Part7_tables.csv,19,27,-,-,True,True,True,True,True,46.56
padded_cdi_ca_1956_wk_prov_dbs_Part7_tables.csv,19,28,-,-,True,True,True,True,True,78.76
padded_cdi_ca_1956_wk_prov_dbs_Part7_tables.csv,19,29,-,-,True,True,True,True,True,75.68
padded_cdi_ca_1956_wk_prov_dbs_Part7_tables.csv,19,30,-,-,True,True,True,True,True,75.78
padded_cdi_ca_1956_wk_prov_dbs_Part7_tables.csv,19,31,-,-,True,True,True,True,True,85.4
padded_cdi_ca_1956_wk_prov_dbs_Part7_tables.csv,19,32,-,-,True,True,True,True,True,29.71
padded_cdi_ca_1956_wk_prov_dbs_Part7_tables.csv,19,33,2,2,True,True,True,True,True,86.28
padded_cdi_ca_1956_wk_prov_dbs_Part7_tables.csv,19,34,-,-,True,True,True,True,True,76.95
padded_cdi_ca_1956_wk_prov_dbs_Part7_tables.csv,19,35,-,-,True,True,True,True,True,87.21
padded_cdi_ca_1956_wk_prov_dbs_Part7_tables.csv,19,36,-,-,True,True,True,True,True,82.32
padded_cdi_ca_1956_wk_prov_dbs_Part7_tables.csv,19,37,-,-,True,True,True,True,True,79.88
padded_cdi_ca_1956_wk_prov_dbs_Part7_tables.csv,19,38,20,20,False,True,True,True,True,83.94
padded_cdi_ca_1956_wk_prov_dbs_Part7_tables.csv,20,0,21.0,21,True,False,False,False,True,84.38
padded_cdi_ca_1956_wk_prov_dbs_Part7_tables.csv,20,1,Undulant fever,Undulant fever,True,True,True,True,True,91.16
padded_cdi_ca_1956_wk_prov_dbs_Part7_tables.csv,20,2,4,4,True,True,True,True,True,83.15
padded_cdi_ca_1956_wk_prov_dbs_Part7_tables.csv,20,3,2,2,True,True,True,True,True,85.6
padded_cdi_ca_1956_wk_prov_dbs_Part7_tables.csv,20,4,2,2,True,True,True,True,True,89.06
padded_cdi_ca_1956_wk_prov_dbs_Part7_tables.csv,20,5,24,24,True,True,True,True,True,90.28
padded_cdi_ca_1956_wk_prov_dbs_Part7_tables.csv,20,6,8,8,True,True,True,True,True,85.35
padded_cdi_ca_1956_wk_prov_dbs_Part7_tables.csv,20,7,13,13,True,True,True,True,True,89.7
padded_cdi_ca_1956_wk_prov_dbs_Part7_tables.csv,20,8,-,-,True,True,True,True,True,84.03
padded_cdi_ca_1956_wk_prov_dbs_Part7_tables.csv,20,9,-,-,True,True,True,True,True,37.43
padded_cdi_ca_1956_wk_prov_dbs_Part7_tables.csv,20,10,-,-,True,True,True,True,True,85.89
padded_cdi_ca_1956_wk_prov_dbs_Part7_tables.csv,20,11,-,-,True,True,True,True,True,77.54
padded_cdi_ca_1956_wk_prov_dbs_Part7_tables.csv,20,12,-,-,True,True,True,True,True,82.52
padded_cdi_ca_1956_wk_prov_dbs_Part7_tables.csv,20,13,-,-,True,True,True,True,True,85.89
padded_cdi_ca_1956_wk_prov_dbs_Part7_tables.csv,20,14,-,-,True,True,True,True,True,28.83
padded_cdi_ca_1956_wk_prov_dbs_Part7_tables.csv,20,15,-,-,True,True,True,True,True,84.18
padded_cdi_ca_1956_wk_prov_dbs_Part7_tables.csv,20,16,-,-,True,True,True,True,True,21.07
padded_cdi_ca_1956_wk_prov_dbs_Part7_tables.csv,20,17,,..,False,False,False,False,,85.16
padded_cdi_ca_1956_wk_prov_dbs_Part7_tables.csv,20,18,.A,..,False,False,False,False,,20.07
padded_cdi_ca_1956_wk_prov_dbs_Part7_tables.csv,20,19,R.P.,..,False,False,False,False,,84.38
padded_cdi_ca_1956_wk_prov_dbs_Part7_tables.csv,20,20,4,4,True,True,True,True,True,85.5
padded_cdi_ca_1956_wk_prov_dbs_Part7_tables.csv,20,21,R.9,..,False,False,False,False,,25.71
padded_cdi_ca_1956_wk_prov_dbs_Part7_tables.csv,20,22,1,1,True,True,True,True,True,87.5
padded_cdi_ca_1956_wk_prov_dbs_Part7_tables.csv,20,23,-,-,True,True,True,True,True,41.16
padded_cdi_ca_1956_wk_prov_dbs_Part7_tables.csv,20,24,1,1,True,True,True,True,True,85.16
padded_cdi_ca_1956_wk_prov_dbs_Part7_tables.csv,20,25,-,-,True,True,True,True,True,32.76
padded_cdi_ca_1956_wk_prov_dbs_Part7_tables.csv,20,26,-,-,True,True,True,True,True,88.23
padded_cdi_ca_1956_wk_prov_dbs_Part7_tables.csv,20,27,-,-,True,True,True,True,True,46.8
padded_cdi_ca_1956_wk_prov_dbs_Part7_tables.csv,20,28,-,-,True,True,True,True,True,79.15
padded_cdi_ca_1956_wk_prov_dbs_Part7_tables.csv,20,29,-,-,True,True,True,True,True,76.07
padded_cdi_ca_1956_wk_prov_dbs_Part7_tables.csv,20,30,1,1,True,True,True,True,True,76.17
padded_cdi_ca_1956_wk_prov_dbs_Part7_tables.csv,20,31,-,-,True,True,True,True,True,85.84
padded_cdi_ca_1956_wk_prov_dbs_Part7_tables.csv,20,32,...,..,False,False,False,False,,29.86
padded_cdi_ca_1956_wk_prov_dbs_Part7_tables.csv,20,33,R.A,..,False,False,False,False,,86.77
padded_cdi_ca_1956_wk_prov_dbs_Part7_tables.csv,20,34,...,..,False,False,False,False,,77.34
padded_cdi_ca_1956_wk_prov_dbs_Part7_tables.csv,20,35,-,-,True,True,True,True,True,87.65
padded_cdi_ca_1956_wk_prov_dbs_Part7_tables.csv,20,36,-,-,True,True,True,True,True,82.76
padded_cdi_ca_1956_wk_prov_dbs_Part7_tables.csv,20,37,-,-,True,True,True,True,True,80.32
padded_cdi_ca_1956_wk_prov_dbs_Part7_tables.csv,20,38,21,21,False,True,True,True,True,84.38
padded_cdi_ca_1956_wk_prov_dbs_Part7_tables.csv,21,0,22.0,22,True,False,False,False,True,85.6
padded_cdi_ca_1956_wk_prov_dbs_Part7_tables.csv,21,1,Venereal diseases:,Venereal diseases:,True,True,True,True,True,92.53
padded_cdi_ca_1956_wk_prov_dbs_Part7_tables.csv,21,2,293,293,True,True,True,True,True,84.38
padded_cdi_ca_1956_wk_prov_dbs_Part7_tables.csv,21,3,318,318,True,True,True,True,True,86.87
padded_cdi_ca_1956_wk_prov_dbs_Part7_tables.csv,21,4,317,317,True,True,True,True,True,90.38
padded_cdi_ca_1956_wk_prov_dbs_Part7_tables.csv,21,5,"2,320",2320,False,True,True,True,True,91.6
padded_cdi_ca_1956_wk_prov_dbs_Part7_tables.csv,21,6,"2,550",2550,False,True,True,True,True,86.57
padded_cdi_ca_1956_wk_prov_dbs_Part7_tables.csv,21,7,"2,497",2497,False,True,True,True,True,91.02
padded_cdi_ca_1956_wk_prov_dbs_Part7_tables.csv,21,8,8,8,True,True,True,True,True,85.3
padded_cdi_ca_1956_wk_prov_dbs_Part7_tables.csv,21,9,10,10,True,True,True,True,True,37.99
padded_cdi_ca_1956_wk_prov_dbs_Part7_tables.csv,21,10,11,11,True,True,True,True,True,87.11
padded_cdi_ca_1956_wk_prov_dbs_Part7_tables.csv,21,11,1,1,True,True,True,True,True,78.71
padded_cdi_ca_1956_wk_prov_dbs_Part7_tables.csv,21,12,I,-,False,False,False,False,,83.69
padded_cdi_ca_1956_wk_prov_dbs_Part7_tables.csv,21,13,1,1,True,True,True,True,True,87.11
padded_cdi_ca_1956_wk_prov_dbs_Part7_tables.csv,21,14,-,-,True,True,True,True,True,29.27
padded_cdi_ca_1956_wk_prov_dbs_Part7_tables.csv,21,15,5,5,True,True,True,True,True,85.4
padded_cdi_ca_1956_wk_prov_dbs_Part7_tables.csv,21,16,16,16,True,True,True,True,True,21.37
padded_cdi_ca_1956_wk_prov_dbs_Part7_tables.csv,21,17,5,5,True,True,True,True,True,86.38
padded_cdi_ca_1956_wk_prov_dbs_Part7_tables.csv,21,18,7,7,True,True,True,True,True,20.36
padded_cdi_ca_1956_wk_prov_dbs_Part7_tables.csv,21,19,4,4,True,True,True,True,True,85.6
padded_cdi_ca_1956_wk_prov_dbs_Part7_tables.csv,21,20,71,71,True,True,True,True,True,86.77
padded_cdi_ca_1956_wk_prov_dbs_Part7_tables.csv,21,21,75,75,True,True,True,True,True,26.07
padded_cdi_ca_1956_wk_prov_dbs_Part7_tables.csv,21,22,86,86,True,True,True,True,True,88.77
padded_cdi_ca_1956_wk_prov_dbs_Part7_tables.csv,21,23,55,55,True,True,True,True,True,41.75
padded_cdi_ca_1956_wk_prov_dbs_Part7_tables.csv,21,24,61,61,True,True,True,True,True,86.38
padded_cdi_ca_1956_wk_prov_dbs_Part7_tables.csv,21,25,54,54,True,True,True,True,True,33.25
padded_cdi_ca_1956_wk_prov_dbs_Part7_tables.csv,21,26,25,25,True,True,True,True,True,89.55
padded_cdi_ca_1956_wk_prov_dbs_Part7_tables.csv,21,27,26,26,True,True,True,True,True,47.49
padded_cdi_ca_1956_wk_prov_dbs_Part7_tables.csv,21,28,25,25,True,True,True,True,True,80.32
padded_cdi_ca_1956_wk_prov_dbs_Part7_tables.csv,21,29,21,21,True,True,True,True,True,77.2
padded_cdi_ca_1956_wk_prov_dbs_Part7_tables.csv,21,30,26,26,True,True,True,True,True,77.29
padded_cdi_ca_1956_wk_prov_dbs_Part7_tables.csv,21,31,20,20,True,True,True,True,True,87.11
padded_cdi_ca_1956_wk_prov_dbs_Part7_tables.csv,21,32,39,39,True,True,True,True,True,30.3
padded_cdi_ca_1956_wk_prov_dbs_Part7_tables.csv,21,33,39,39,True,True,True,True,True,88.04
padded_cdi_ca_1956_wk_prov_dbs_Part7_tables.csv,21,34,37,37,True,True,True,True,True,78.47
padded_cdi_ca_1956_wk_prov_dbs_Part7_tables.csv,21,35,68,68,True,True,True,True,True,88.96
padded_cdi_ca_1956_wk_prov_dbs_Part7_tables.csv,21,36,69,69,True,True,True,True,True,83.98
padded_cdi_ca_1956_wk_prov_dbs_Part7_tables.csv,21,37,60,60,True,True,True,True,True,81.49
padded_cdi_ca_1956_wk_prov_dbs_Part7_tables.csv,21,38,22,22,False,True,True,True,True,85.6
padded_cdi_ca_1956_wk_prov_dbs_Part7_tables.csv,22,0,23.0,23,True,False,False,False,True,82.32
padded_cdi_ca_1956_wk_prov_dbs_Part7_tables.csv,22,1,(a) Syphilis,"(a) Syphilis, primary",False,False,False,False,,88.96
padded_cdi_ca_1956_wk_prov_dbs_Part7_tables.csv,22,2, primary,2,False,False,True,True,True,81.1
padded_cdi_ca_1956_wk_prov_dbs_Part7_tables.csv,22,3,2,1,False,False,True,True,True,83.5
padded_cdi_ca_1956_wk_prov_dbs_Part7_tables.csv,22,4,1,2,False,False,True,True,True,86.91
padded_cdi_ca_1956_wk_prov_dbs_Part7_tables.csv,22,5,2,20,False,False,True,True,True,88.04
padded_cdi_ca_1956_wk_prov_dbs_Part7_tables.csv,22,6,20,21,False,False,True,True,True,83.25
padded_cdi_ca_1956_wk_prov_dbs_Part7_tables.csv,22,7,21,33,False,False,True,True,True,87.5
padded_cdi_ca_1956_wk_prov_dbs_Part7_tables.csv,22,8,33,-,False,False,True,True,True,81.98
padded_cdi_ca_1956_wk_prov_dbs_Part7_tables.csv,22,9,-,-,True,True,True,True,True,36.52
padded_cdi_ca_1956_wk_prov_dbs_Part7_tables.csv,22,10,-,-,True,True,True,True,True,83.79
padded_cdi_ca_1956_wk_prov_dbs_Part7_tables.csv,22,11,-,-,True,True,True,True,True,75.68
padded_cdi_ca_1956_wk_prov_dbs_Part7_tables.csv,22,12,-,-,True,True,True,True,True,80.47
padded_cdi_ca_1956_wk_prov_dbs_Part7_tables.csv,22,13,-,-,True,True,True,True,True,83.79
padded_cdi_ca_1956_wk_prov_dbs_Part7_tables.csv,22,14,-,-,True,True,True,True,True,28.12
padded_cdi_ca_1956_wk_prov_dbs_Part7_tables.csv,22,15,-,-,True,True,True,True,True,82.13
padded_cdi_ca_1956_wk_prov_dbs_Part7_tables.csv,22,16,-,-,True,True,True,True,True,20.56
padded_cdi_ca_1956_wk_prov_dbs_Part7_tables.csv,22,17,-,-,True,True,True,True,True,83.06
padded_cdi_ca_1956_wk_prov_dbs_Part7_tables.csv,22,18,-,-,True,True,True,True,True,19.57
padded_cdi_ca_1956_wk_prov_dbs_Part7_tables.csv,22,19,-,-,True,True,True,True,True,82.32
padded_cdi_ca_1956_wk_prov_dbs_Part7_tables.csv,22,20,-,-,True,True,True,True,True,83.4
padded_cdi_ca_1956_wk_prov_dbs_Part7_tables.csv,22,21,-,-,True,True,True,True,True,25.07
padded_cdi_ca_1956_wk_prov_dbs_Part7_tables.csv,22,22,-,1,False,False,True,True,True,85.35
padded_cdi_ca_1956_wk_prov_dbs_Part7_tables.csv,22,23,1,-,False,False,True,True,True,40.14
padded_cdi_ca_1956_wk_prov_dbs_Part7_tables.csv,22,24,-,-,True,True,True,True,True,83.06
padded_cdi_ca_1956_wk_prov_dbs_Part7_tables.csv,22,25,-,-,True,True,True,True,True,31.96
padded_cdi_ca_1956_wk_prov_dbs_Part7_tables.csv,22,26,-,-,True,True,True,True,True,86.08
padded_cdi_ca_1956_wk_prov_dbs_Part7_tables.csv,22,27,-,-,True,True,True,True,True,45.65
padded_cdi_ca_1956_wk_prov_dbs_Part7_tables.csv,22,28,-,-,True,True,True,True,True,77.2
padded_cdi_ca_1956_wk_prov_dbs_Part7_tables.csv,22,29,-,1,False,False,True,True,True,74.22
padded_cdi_ca_1956_wk_prov_dbs_Part7_tables.csv,22,30,1,1,True,True,True,True,True,74.32
padded_cdi_ca_1956_wk_prov_dbs_Part7_tables.csv,22,31,1,-,False,False,True,True,True,83.74
padded_cdi_ca_1956_wk_prov_dbs_Part7_tables.csv,22,32,-,1,False,False,True,True,True,29.13
padded_cdi_ca_1956_wk_prov_dbs_Part7_tables.csv,22,33,1,-,False,False,True,True,True,84.62
padded_cdi_ca_1956_wk_prov_dbs_Part7_tables.csv,22,34,-,-,True,True,True,True,True,75.44
padded_cdi_ca_1956_wk_prov_dbs_Part7_tables.csv,22,35,-,-,True,True,True,True,True,85.5
padded_cdi_ca_1956_wk_prov_dbs_Part7_tables.csv,22,36,-,-,True,True,True,True,True,80.76
padded_cdi_ca_1956_wk_prov_dbs_Part7_tables.csv,22,37,-,-,True,True,True,True,True,78.32
padded_cdi_ca_1956_wk_prov_dbs_Part7_tables.csv,22,38,-,23,False,False,False,False,,82.32
padded_cdi_ca_1956_wk_prov_dbs_Part7_tables.csv,23,0,24.0,24,True,False,False,False,True,81.25
padded_cdi_ca_1956_wk_prov_dbs_Part7_tables.csv,23,1,"(b) "" secondary",(b) '' secondary,False,False,False,False,,87.79
padded_cdi_ca_1956_wk_prov_dbs_Part7_tables.csv,23,2,-,-,True,True,True,True,True,80.08
padded_cdi_ca_1956_wk_prov_dbs_Part7_tables.csv,23,3,2,2,True,True,True,True,True,82.42
padded_cdi_ca_1956_wk_prov_dbs_Part7_tables.csv,23,4,3,3,True,True,True,True,True,85.79
padded_cdi_ca_1956_wk_prov_dbs_Part7_tables.csv,23,5,11,11,True,True,True,True,True,86.91
padded_cdi_ca_1956_wk_prov_dbs_Part7_tables.csv,23,6,4,4,True,True,True,True,True,82.18
padded_cdi_ca_1956_wk_prov_dbs_Part7_tables.csv,23,7,15,15,True,True,True,True,True,86.38
padded_cdi_ca_1956_wk_prov_dbs_Part7_tables.csv,23,8,-,-,True,True,True,True,True,80.96
padded_cdi_ca_1956_wk_prov_dbs_Part7_tables.csv,23,9,-,-,True,True,True,True,True,36.04
padded_cdi_ca_1956_wk_prov_dbs_Part7_tables.csv,23,10,-,-,True,True,True,True,True,82.71
padded_cdi_ca_1956_wk_prov_dbs_Part7_tables.csv,23,11,-,-,True,True,True,True,True,74.71
padded_cdi_ca_1956_wk_prov_dbs_Part7_tables.csv,23,12,-,-,True,True,True,True,True,79.44
padded_cdi_ca_1956_wk_prov_dbs_Part7_tables.csv,23,13,-,-,True,True,True,True,True,82.71
padded_cdi_ca_1956_wk_prov_dbs_Part7_tables.csv,23,14,-,-,True,True,True,True,True,27.78
padded_cdi_ca_1956_wk_prov_dbs_Part7_tables.csv,23,15,-,-,True,True,True,True,True,81.05
padded_cdi_ca_1956_wk_prov_dbs_Part7_tables.csv,23,16,-,-,True,True,True,True,True,20.29
padded_cdi_ca_1956_wk_prov_dbs_Part7_tables.csv,23,17,-,-,True,True,True,True,True,81.98
padded_cdi_ca_1956_wk_prov_dbs_Part7_tables.csv,23,18,-,-,True,True,True,True,True,19.32
padded_cdi_ca_1956_wk_prov_dbs_Part7_tables.csv,23,19,-,-,True,True,True,True,True,81.25
padded_cdi_ca_1956_wk_prov_dbs_Part7_tables.csv,23,20,-,-,True,True,True,True,True,82.32
padded_cdi_ca_1956_wk_prov_dbs_Part7_tables.csv,23,21,-,-,True,True,True,True,True,24.76
padded_cdi_ca_1956_wk_prov_dbs_Part7_tables.csv,23,22,-,-,True,True,True,True,True,84.23
padded_cdi_ca_1956_wk_prov_dbs_Part7_tables.csv,23,23,-,-,True,True,True,True,True,39.62
padded_cdi_ca_1956_wk_prov_dbs_Part7_tables.csv,23,24,1,1,True,True,True,True,True,81.98
padded_cdi_ca_1956_wk_prov_dbs_Part7_tables.csv,23,25,-,-,True,True,True,True,True,31.57
padded_cdi_ca_1956_wk_prov_dbs_Part7_tables.csv,23,26,-,-,True,True,True,True,True,85.01
padded_cdi_ca_1956_wk_prov_dbs_Part7_tables.csv,23,27,-,-,True,True,True,True,True,45.07
padded_cdi_ca_1956_wk_prov_dbs_Part7_tables.csv,23,28,-,-,True,True,True,True,True,76.22
padded_cdi_ca_1956_wk_prov_dbs_Part7_tables.csv,23,29,-,-,True,True,True,True,True,73.29
padded_cdi_ca_1956_wk_prov_dbs_Part7_tables.csv,23,30,-,-,True,True,True,True,True,73.39
padded_cdi_ca_1956_wk_prov_dbs_Part7_tables.csv,23,31,-,-,True,True,True,True,True,82.67
padded_cdi_ca_1956_wk_prov_dbs_Part7_tables.csv,23,32,-,-,True,True,True,True,True,28.76
padded_cdi_ca_1956_wk_prov_dbs_Part7_tables.csv,23,33,1,1,True,True,True,True,True,83.54
padded_cdi_ca_1956_wk_prov_dbs_Part7_tables.csv,23,34,-,-,True,True,True,True,True,74.46
padded_cdi_ca_1956_wk_prov_dbs_Part7_tables.csv,23,35,-,-,True,True,True,True,True,84.42
padded_cdi_ca_1956_wk_prov_dbs_Part7_tables.csv,23,36,-,-,True,True,True,True,True,79.69
padded_cdi_ca_1956_wk_prov_dbs_Part7_tables.csv,23,37,-,-,True,True,True,True,True,77.34
padded_cdi_ca_1956_wk_prov_dbs_Part7_tables.csv,23,38,24,24,False,True,True,True,True,81.25
padded_cdi_ca_1956_wk_prov_dbs_Part7_tables.csv,24,0,25.0,25,True,False,False,False,True,84.08
padded_cdi_ca_1956_wk_prov_dbs_Part7_tables.csv,24,1,"(c) "" other",(c) '' other,False,False,False,False,,90.87
padded_cdi_ca_1956_wk_prov_dbs_Part7_tables.csv,24,2,34,34,True,True,True,True,True,82.81
padded_cdi_ca_1956_wk_prov_dbs_Part7_tables.csv,24,3,49,49,True,True,True,True,True,85.3
padded_cdi_ca_1956_wk_prov_dbs_Part7_tables.csv,24,4,65,65,True,True,True,True,True,88.77
padded_cdi_ca_1956_wk_prov_dbs_Part7_tables.csv,24,5,238,238,True,True,True,True,True,89.94
padded_cdi_ca_1956_wk_prov_dbs_Part7_tables.csv,24,6,349,349,True,True,True,True,True,85.01
padded_cdi_ca_1956_wk_prov_dbs_Part7_tables.csv,24,7,360,360,True,True,True,True,True,89.4
padded_cdi_ca_1956_wk_prov_dbs_Part7_tables.csv,24,8,2,2,True,True,True,True,True,83.74
padded_cdi_ca_1956_wk_prov_dbs_Part7_tables.csv,24,9,2,2,True,True,True,True,True,37.3
padded_cdi_ca_1956_wk_prov_dbs_Part7_tables.csv,24,10,4,4,True,True,True,True,True,85.55
padded_cdi_ca_1956_wk_prov_dbs_Part7_tables.csv,24,11,-,-,True,True,True,True,True,77.29
padded_cdi_ca_1956_wk_prov_dbs_Part7_tables.csv,24,12,-,-,True,True,True,True,True,82.18
padded_cdi_ca_1956_wk_prov_dbs_Part7_tables.csv,24,13,-,-,True,True,True,True,True,85.55
padded_cdi_ca_1956_wk_prov_dbs_Part7_tables.csv,24,14,-,-,True,True,True,True,True,28.74
padded_cdi_ca_1956_wk_prov_dbs_Part7_tables.csv,24,15,2,2,True,True,True,True,True,83.89
padded_cdi_ca_1956_wk_prov_dbs_Part7_tables.csv,24,16,3,3,True,True,True,True,True,21.0
padded_cdi_ca_1956_wk_prov_dbs_Part7_tables.csv,24,17,1,1,True,True,True,True,True,84.81
padded_cdi_ca_1956_wk_prov_dbs_Part7_tables.csv,24,18,1,1,True,True,True,True,True,20.0
padded_cdi_ca_1956_wk_prov_dbs_Part7_tables.csv,24,19,1,1,True,True,True,True,True,84.08
padded_cdi_ca_1956_wk_prov_dbs_Part7_tables.csv,24,20,12,12,True,True,True,True,True,85.21
padded_cdi_ca_1956_wk_prov_dbs_Part7_tables.csv,24,21,21,21,True,True,True,True,True,25.61
padded_cdi_ca_1956_wk_prov_dbs_Part7_tables.csv,24,22,22,22,True,True,True,True,True,87.16
padded_cdi_ca_1956_wk_prov_dbs_Part7_tables.csv,24,23,9,9,True,True,True,True,True,41.02
padded_cdi_ca_1956_wk_prov_dbs_Part7_tables.csv,24,24,8,8,True,True,True,True,True,84.81
padded_cdi_ca_1956_wk_prov_dbs_Part7_tables.csv,24,25,13,13,True,True,True,True,True,32.64
padded_cdi_ca_1956_wk_prov_dbs_Part7_tables.csv,24,26,1,1,True,True,True,True,True,87.94
padded_cdi_ca_1956_wk_prov_dbs_Part7_tables.csv,24,27,2,2,True,True,True,True,True,46.63
padded_cdi_ca_1956_wk_prov_dbs_Part7_tables.csv,24,28,2,2,True,True,True,True,True,78.86
padded_cdi_ca_1956_wk_prov_dbs_Part7_tables.csv,24,29,3,3,True,True,True,True,True,75.83
padded_cdi_ca_1956_wk_prov_dbs_Part7_tables.csv,24,30,2,2,True,True,True,True,True,75.93
padded_cdi_ca_1956_wk_prov_dbs_Part7_tables.csv,24,31,4,4,True,True,True,True,True,85.5
padded_cdi_ca_1956_wk_prov_dbs_Part7_tables.csv,24,32,1,1,True,True,True,True,True,29.76
padded_cdi_ca_1956_wk_prov_dbs_Part7_tables.csv,24,33,5,5,True,True,True,True,True,86.43
padded_cdi_ca_1956_wk_prov_dbs_Part7_tables.csv,24,34,3,3,True,True,True,True,True,77.05
padded_cdi_ca_1956_wk_prov_dbs_Part7_tables.csv,24,35,5,5,True,True,True,True,True,87.35
padded_cdi_ca_1956_wk_prov_dbs_Part7_tables.csv,24,36,6,6,True,True,True,True,True,82.47
padded_cdi_ca_1956_wk_prov_dbs_Part7_tables.csv,24,37,9,9,True,True,True,True,True,80.03
padded_cdi_ca_1956_wk_prov_dbs_Part7_tables.csv,24,38,25,25,False,True,True,True,True,84.08
padded_cdi_ca_1956_wk_prov_dbs_Part7_tables.csv,25,0,26.0,26,True,False,False,False,True,74.61
padded_cdi_ca_1956_wk_prov_dbs_Part7_tables.csv,25,1,(d) Gonorrhoea,(d) Gonorrhoea,True,True,True,True,True,80.62
padded_cdi_ca_1956_wk_prov_dbs_Part7_tables.csv,25,2,257,257,True,True,True,True,True,73.49
padded_cdi_ca_1956_wk_prov_dbs_Part7_tables.csv,25,3,266,266,True,True,True,True,True,75.68
padded_cdi_ca_1956_wk_prov_dbs_Part7_tables.csv,25,4,262,262,True,True,True,True,True,78.76
padded_cdi_ca_1956_wk_prov_dbs_Part7_tables.csv,25,5,"2,051",2051,False,True,True,True,True,79.83
padded_cdi_ca_1956_wk_prov_dbs_Part7_tables.csv,25,6,"2,174",2174,False,True,True,True,True,75.44
padded_cdi_ca_1956_wk_prov_dbs_Part7_tables.csv,25,7,"2,113",2113,False,True,True,True,True,79.35
padded_cdi_ca_1956_wk_prov_dbs_Part7_tables.csv,25,8,6,6,True,True,True,True,True,74.32
padded_cdi_ca_1956_wk_prov_dbs_Part7_tables.csv,25,9,8,8,True,True,True,True,True,33.11
padded_cdi_ca_1956_wk_prov_dbs_Part7_tables.csv,25,10,7,7,True,True,True,True,True,75.93
padded_cdi_ca_1956_wk_prov_dbs_Part7_tables.csv,25,11,1,1,True,True,True,True,True,68.55
padded_cdi_ca_1956_wk_prov_dbs_Part7_tables.csv,25,12,-,-,True,True,True,True,True,72.95
padded_cdi_ca_1956_wk_prov_dbs_Part7_tables.csv,25,13,-,-,True,True,True,True,True,75.93
padded_cdi_ca_1956_wk_prov_dbs_Part7_tables.csv,25,14,-,-,True,True,True,True,True,25.49
padded_cdi_ca_1956_wk_prov_dbs_Part7_tables.csv,25,15,3,3,True,True,True,True,True,74.46
padded_cdi_ca_1956_wk_prov_dbs_Part7_tables.csv,25,16,9,9,True,True,True,True,True,18.63
padded_cdi_ca_1956_wk_prov_dbs_Part7_tables.csv,25,17,4,4,True,True,True,True,True,75.29
padded_cdi_ca_1956_wk_prov_dbs_Part7_tables.csv,25,18,6,6,True,True,True,True,True,17.74
padded_cdi_ca_1956_wk_prov_dbs_Part7_tables.csv,25,19,4,4,True,True,True,True,True,74.61
padded_cdi_ca_1956_wk_prov_dbs_Part7_tables.csv,25,20,59,59,True,True,True,True,True,75.63
padded_cdi_ca_1956_wk_prov_dbs_Part7_tables.csv,25,21,54,54,True,True,True,True,True,22.73
padded_cdi_ca_1956_wk_prov_dbs_Part7_tables.csv,25,22,57,57,True,True,True,True,True,77.34
padded_cdi_ca_1956_wk_prov_dbs_Part7_tables.csv,25,23,46,46,True,True,True,True,True,36.4
padded_cdi_ca_1956_wk_prov_dbs_Part7_tables.csv,25,24,52,52,True,True,True,True,True,75.29
padded_cdi_ca_1956_wk_prov_dbs_Part7_tables.csv,25,25,41,41,True,True,True,True,True,28.98
padded_cdi_ca_1956_wk_prov_dbs_Part7_tables.csv,25,26,24,24,True,True,True,True,True,78.03
padded_cdi_ca_1956_wk_prov_dbs_Part7_tables.csv,25,27,24,24,True,True,True,True,True,41.38
padded_cdi_ca_1956_wk_prov_dbs_Part7_tables.csv,25,28,21,21,True,True,True,True,True,69.97
padded_cdi_ca_1956_wk_prov_dbs_Part7_tables.csv,25,29,17,17,True,True,True,True,True,67.29
padded_cdi_ca_1956_wk_prov_dbs_Part7_tables.csv,25,30,23,23,True,True,True,True,True,67.38
padded_cdi_ca_1956_wk_prov_dbs_Part7_tables.csv,25,31,16,16,True,True,True,True,True,75.88
padded_cdi_ca_1956_wk_prov_dbs_Part7_tables.csv,25,32,37,37,True,True,True,True,True,26.42
padded_cdi_ca_1956_wk_prov_dbs_Part7_tables.csv,25,33,33,33,True,True,True,True,True,76.71
padded_cdi_ca_1956_wk_prov_dbs_Part7_tables.csv,25,34,29,29,True,True,True,True,True,68.36
padded_cdi_ca_1956_wk_prov_dbs_Part7_tables.csv,25,35,63,63,True,True,True,True,True,77.49
padded_cdi_ca_1956_wk_prov_dbs_Part7_tables.csv,25,36,63,63,True,True,True,True,True,73.19
padded_cdi_ca_1956_wk_prov_dbs_Part7_tables.csv,25,37,52,52,True,True,True,True,True,71.0
padded_cdi_ca_1956_wk_prov_dbs_Part7_tables.csv,25,38,26,26,False,True,True,True,True,74.61
padded_cdi_ca_1956_wk_prov_dbs_Part7_tables.csv,26,0,27.0,27,True,False,False,False,True,87.01
padded_cdi_ca_1956_wk_prov_dbs_Part7_tables.csv,26,1,(e) Other venereal diseases⁷,(e) Other venereal diseases 8,False,False,False,False,False,94.04
padded_cdi_ca_1956_wk_prov_dbs_Part7_tables.csv,26,2,-,-,True,True,True,True,True,85.74
padded_cdi_ca_1956_wk_prov_dbs_Part7_tables.csv,26,3,-,-,True,True,True,True,True,88.28
padded_cdi_ca_1956_wk_prov_dbs_Part7_tables.csv,26,4,-,-,True,True,True,True,True,91.85
padded_cdi_ca_1956_wk_prov_dbs_Part7_tables.csv,26,5,-,-,True,True,True,True,True,93.12
padded_cdi_ca_1956_wk_prov_dbs_Part7_tables.csv,26,6,2,2,True,True,True,True,True,87.99
padded_cdi_ca_1956_wk_prov_dbs_Part7_tables.csv,26,7,3,3,True,True,True,True,True,92.53
padded_cdi_ca_1956_wk_prov_dbs_Part7_tables.csv,26,8,-,-,True,True,True,True,True,86.67
padded_cdi_ca_1956_wk_prov_dbs_Part7_tables.csv,26,9,-,-,True,True,True,True,True,38.6
padded_cdi_ca_1956_wk_prov_dbs_Part7_tables.csv,26,10,-,-,True,True,True,True,True,88.57
padded_cdi_ca_1956_wk_prov_dbs_Part7_tables.csv,26,11,-,-,True,True,True,True,True,79.98
padded_cdi_ca_1956_wk_prov_dbs_Part7_tables.csv,26,12,-,-,True,True,True,True,True,85.06
padded_cdi_ca_1956_wk_prov_dbs_Part7_tables.csv,26,13,-,-,True,True,True,True,True,88.57
padded_cdi_ca_1956_wk_prov_dbs_Part7_tables.csv,26,14,-,-,True,True,True,True,True,29.74
padded_cdi_ca_1956_wk_prov_dbs_Part7_tables.csv,26,15,-,-,True,True,True,True,True,86.82
padded_cdi_ca_1956_wk_prov_dbs_Part7_tables.csv,26,16,-,-,True,True,True,True,True,21.73
padded_cdi_ca_1956_wk_prov_dbs_Part7_tables.csv,26,17,-,-,True,True,True,True,True,87.79
padded_cdi_ca_1956_wk_prov_dbs_Part7_tables.csv,26,18,-,-,True,True,True,True,True,20.69
padded_cdi_ca_1956_wk_prov_dbs_Part7_tables.csv,26,19,-,-,True,True,True,True,True,87.01
padded_cdi_ca_1956_wk_prov_dbs_Part7_tables.csv,26,20,-,-,True,True,True,True,True,88.18
padded_cdi_ca_1956_wk_prov_dbs_Part7_tables.csv,26,21,-,-,True,True,True,True,True,26.51
padded_cdi_ca_1956_wk_prov_dbs_Part7_tables.csv,26,22,-,-,True,True,True,True,True,90.23
padded_cdi_ca_1956_wk_prov_dbs_Part7_tables.csv,26,23,-,-,True,True,True,True,True,42.46
padded_cdi_ca_1956_wk_prov_dbs_Part7_tables.csv,26,24,-,-,True,True,True,True,True,87.79
padded_cdi_ca_1956_wk_prov_dbs_Part7_tables.csv,26,25,-,-,True,True,True,True,True,33.79
padded_cdi_ca_1956_wk_prov_dbs_Part7_tables.csv,26,26,-,-,True,True,True,True,True,91.02
padded_cdi_ca_1956_wk_prov_dbs_Part7_tables.csv,26,27,-,-,True,True,True,True,True,48.27
padded_cdi_ca_1956_wk_prov_dbs_Part7_tables.csv,26,28,-,-,True,True,True,True,True,81.64
padded_cdi_ca_1956_wk_prov_dbs_Part7_tables.csv,26,29,-,-,True,True,True,True,True,78.47
padded_cdi_ca_1956_wk_prov_dbs_Part7_tables.csv,26,30,-,-,True,True,True,True,True,78.56
padded_cdi_ca_1956_wk_prov_dbs_Part7_tables.csv,26,31,-,-,True,True,True,True,True,88.53
padded_cdi_ca_1956_wk_prov_dbs_Part7_tables.csv,26,32,-,-,True,True,True,True,True,30.81
padded_cdi_ca_1956_wk_prov_dbs_Part7_tables.csv,26,33,-,-,True,True,True,True,True,89.45
padded_cdi_ca_1956_wk_prov_dbs_Part7_tables.csv,26,34,-,-,True,True,True,True,True,79.74
padded_cdi_ca_1956_wk_prov_dbs_Part7_tables.csv,26,35,-,-,True,True,True,True,True,90.43
padded_cdi_ca_1956_wk_prov_dbs_Part7_tables.csv,26,36,-,-,True,True,True,True,True,85.35
padded_cdi_ca_1956_wk_prov_dbs_Part7_tables.csv,26,37,-,-,True,True,True,True,True,82.81
padded_cdi_ca_1956_wk_prov_dbs_Part7_tables.csv,26,38,27,27,False,True,True,True,True,87.01
padded_cdi_ca_1956_wk_prov_dbs_Part7_tables.csv,27,0,28.0,28,True,False,False,False,True,67.33
padded_cdi_ca_1956_wk_prov_dbs_Part7_tables.csv,27,1,Whooping cough,Whooping cough,True,True,True,True,True,88.23
padded_cdi_ca_1956_wk_prov_dbs_Part7_tables.csv,27,2,133,133,True,True,True,True,True,72.71
padded_cdi_ca_1956_wk_prov_dbs_Part7_tables.csv,27,3,151,151,True,True,True,True,True,83.3
padded_cdi_ca_1956_wk_prov_dbs_Part7_tables.csv,27,4,159,159,True,True,True,True,True,70.17
padded_cdi_ca_1956_wk_prov_dbs_Part7_tables.csv,27,5,"1,181",1181,False,True,True,True,True,87.84
padded_cdi_ca_1956_wk_prov_dbs_Part7_tables.csv,27,6,"2,761",2761,False,True,True,True,True,83.01
padded_cdi_ca_1956_wk_prov_dbs_Part7_tables.csv,27,7,"1,433",1433,False,True,True,True,True,87.3
padded_cdi_ca_1956_wk_prov_dbs_Part7_tables.csv,27,8,3,3,True,True,True,True,True,81.79
padded_cdi_ca_1956_wk_prov_dbs_Part7_tables.csv,27,9,5,5,True,True,True,True,True,79.1
padded_cdi_ca_1956_wk_prov_dbs_Part7_tables.csv,27,10,1,1,True,True,True,True,True,83.54
padded_cdi_ca_1956_wk_prov_dbs_Part7_tables.csv,27,11,17,17,True,True,True,True,True,84.81
padded_cdi_ca_1956_wk_prov_dbs_Part7_tables.csv,27,12,17,17,True,True,True,True,True,70.31
padded_cdi_ca_1956_wk_prov_dbs_Part7_tables.csv,27,13,-,-,True,True,True,True,True,83.54
padded_cdi_ca_1956_wk_prov_dbs_Part7_tables.csv,27,14,2,2,True,True,True,True,True,28.05
padded_cdi_ca_1956_wk_prov_dbs_Part7_tables.csv,27,15,-,-,True,True,True,True,True,81.88
padded_cdi_ca_1956_wk_prov_dbs_Part7_tables.csv,27,16,7,7,True,True,True,True,True,20.5
padded_cdi_ca_1956_wk_prov_dbs_Part7_tables.csv,27,17,-,-,True,True,True,True,True,82.86
padded_cdi_ca_1956_wk_prov_dbs_Part7_tables.csv,27,18,5,5,True,True,True,True,True,19.52
padded_cdi_ca_1956_wk_prov_dbs_Part7_tables.csv,27,19,1,1,True,True,True,True,True,82.08
padded_cdi_ca_1956_wk_prov_dbs_Part7_tables.csv,27,20,50,50,True,True,True,True,True,83.2
padded_cdi_ca_1956_wk_prov_dbs_Part7_tables.csv,27,21,70,70,True,True,True,True,True,25.0
padded_cdi_ca_1956_wk_prov_dbs_Part7_tables.csv,27,22,57,57,True,True,True,True,True,78.71
padded_cdi_ca_1956_wk_prov_dbs_Part7_tables.csv,27,23,23,23,True,True,True,True,True,40.04
padded_cdi_ca_1956_wk_prov_dbs_Part7_tables.csv,27,24,9,9,True,True,True,True,True,82.86
padded_cdi_ca_1956_wk_prov_dbs_Part7_tables.csv,27,25,39,39,True,True,True,True,True,31.88
padded_cdi_ca_1956_wk_prov_dbs_Part7_tables.csv,27,26,5,5,True,True,True,True,True,85.84
padded_cdi_ca_1956_wk_prov_dbs_Part7_tables.csv,27,27,8,8,True,True,True,True,True,45.53
padded_cdi_ca_1956_wk_prov_dbs_Part7_tables.csv,27,28,6,6,True,True,True,True,True,77.0
padded_cdi_ca_1956_wk_prov_dbs_Part7_tables.csv,27,29,2,2,True,True,True,True,True,74.02
padded_cdi_ca_1956_wk_prov_dbs_Part7_tables.csv,27,30,13,13,True,True,True,True,True,74.12
padded_cdi_ca_1956_wk_prov_dbs_Part7_tables.csv,27,31,3,3,True,True,True,True,True,83.5
padded_cdi_ca_1956_wk_prov_dbs_Part7_tables.csv,27,32,4,4,True,True,True,True,True,29.05
padded_cdi_ca_1956_wk_prov_dbs_Part7_tables.csv,27,33,8,8,True,True,True,True,True,84.38
padded_cdi_ca_1956_wk_prov_dbs_Part7_tables.csv,27,34,17,17,True,True,True,True,True,75.24
padded_cdi_ca_1956_wk_prov_dbs_Part7_tables.csv,27,35,27,27,True,True,True,True,True,85.3
padded_cdi_ca_1956_wk_prov_dbs_Part7_tables.csv,27,36,16,16,True,True,True,True,True,80.52
padded_cdi_ca_1956_wk_prov_dbs_Part7_tables.csv,27,37,15,15,True,True,True,True,True,78.12
padded_cdi_ca_1956_wk_prov_dbs_Part7_tables.csv,27,38,28,28,False,True,True,True,True,68.02
